"example_id","query_id","query","product_id","product_title","esci_label","sim_orig"
353787,16932,"black woven storage basket","B08D73WPCZ","Joyeen Small Plastic Weave Baskets, Storage Bins, 6 Pack","E",0.2967210114002228
117382,4818,"5xl carhartt shirts for men big and tall","B07KBQQ43F","Carhartt Men's Rugged Flex Rigby Short Sleeve Work Shirt, Gravel, X-Large","E",0.32139039039611816
1391488,70694,"morral táctico 5.11","B004D1UPIY","5.11 RUSH MOAB 6 Tactical Sling Pack Military Molle Backpack Bag, Style 56963, Black","E",0.2684248983860016
387586,18639,"bose earbuds","B08CJCTG6Z","Bose Sport Earbuds - Wireless Earphones - Bluetooth In Ear Headphones for Workouts and Running, Triple Black","E",0.3216340243816376
1902867,97309,"ssd hard drive internal","B072R78B6Q","SanDisk Ultra 3D SSD de 500 GB con hasta 560 MB/s de velocidad de lectura / hasta 530 MB/s de velocidad de escritura","E",0.31203609704971313
1567443,79800,"picture hangers without nails heavy duty","B073XR4X72","Command Large Picture Hanging Strips, White, Holds up to 16 lbs, 14-Pairs, Easy to Open Packaging","E",0.25840359926223755
1902862,97309,"ssd hard drive internal","B07NNRTTCM","Western Digital 1TB WD Green Internal PC SSD Solid State Drive - SATA III 6 Gb/s, 2.5""/7mm, Up to 550 MB/s - WDS100T2G0A","E",0.31404703855514526
136908,5747,"Pockets on both sides. Brown leather. Extra large. ","B07H7S6QBR","Kenneth Cole Reaction Manhattan Commuter Slim Backpack 16"" Laptop Computer & Tablet Travel, Business, Work, School Bookbag, Cognac, Colombian Leather","E",0.27510982751846313
1768723,90261,"samsung s10+ case","B07N9GDT4H","OTTERBOX DEFENDER SERIES SCREENLESS EDITION Case for Galaxy S10+ - BLACK","E",0.2984868586063385
1395518,70905,"motor tool dewalt","B06WW85XHR","DEWALT Angle Grinder Tool, 4-1/2-Inch to 6-Inch, Trigger Switch (DWE43116)","E",0.3433830440044403
100419,4027,"4 1/2 angle grinder","B00Z5LTO7O","Makita GA4542C SJSII High Power Angle Grinder, 4-1/2""","E",0.2859731614589691
216452,9869,"apple watch chargee","B07ZNT29ZF","Powlaken Watch Charger, Magnetic Charging Cable Cord Compatible with Apple Watch Series Se, 6, 5, 4, 3, 2, 1","E",0.1923510730266571
286138,13429,"basketball","B01C5A2WJO","Little Tikes Easy Score Basketball Set, Blue, 3 Balls - Amazon Exclusive","E",0.2945023477077484
94294,3764,"36 inch shower curtain rod","B000ASIK9U","Zenna Home Tension Stall Shower Rod, 27""-40"", White","E",0.26593121886253357
1685607,85921,"reading cushion","B0117SNG0O","Linenspa Shredded Foam Pillow Perfect for Back Support While Relaxing, Gaming, Reading, or Watching TV - Soft Velour Cover, Standard, Stone","E",0.3011220693588257
182942,8122,"all superhero lego sets","B078C9LXCM","LEGO Marvel Super Heroes Avengers: Infinity War Thanos: Ultimate Battle 76107 Guardians of the Galaxy Starship Action Construction Toy (674 Pieces) (Discontinued by Manufacturer)","E",0.3043678402900696
1425318,72406,"nature made multivitamin without iron","B004M7PJBW","Nature Made Maximin Pack, 30 Day Supply","E",0.31062185764312744
653281,32430,"depends night defense large for women","B008RJV1JK","Depend FIT-FLEX Incontinence Underwear for Women, Disposable, Maximum Absorbency, Large, Blush, 52 Count (2 Packs of 26) (Packaging May Vary)","E",0.32723623514175415
1380051,70106,"modern ceiling fan without light","B002K8DBOC","kathy ireland HOME Loft 60 Inch Ceiling Fan | Indoor/Outdoor Fixture with 3 Weather Resistant Blades | Modern Industrial Design with 4-Speed Motor and Wall Control, Barbeque Black","E",0.31687018275260925
364152,17466,"blue shampoo aveda","B0016JDLO6","AVEDA by Aveda: Blue Malva Color Shampoo 33.8 OZ","E",0.3025398850440979
71031,2718,"2 yr old boy toys","B004UU9ZB6","Fisher-Price Harley-Davidson Tough Trike [Amazon Exclusive] , Black","E",0.27571508288383484
2213387,113561,"wood slat bed frame","B074Q4Z46S","ZINUS Trisha Metal Platforma Bed Frame / Wood Slat Support / No Box Spring Needed / Easy Assembly, Twin","E",0.2868848741054535
231455,10636,"ashley longshore","0847866467","Ashley Longshore: I Do Not Cook, I Do Not Clean, I Do Not Fly Commercial","E",0.2937721312046051
849367,42495,"free time unlimited","B078HQBS21","Fire HD 8 Kids Edition Tablet, 8"" HD Display, 32 GB, Blue Kid-Proof Case (Previous Generation - 8th)","E",0.2221325933933258
622744,30858,"curtain tie backs without hooks","B01MSUTJIV","Amazon Basics Decorative Curtain Drapery Holdback, Set of 2, Dark Bronze (Espresso)","E",0.23529410362243652
25748,907,"1 wheel skates without breaks","B08RYXKNCP","JAJAHOHO Roller Skates for Girls, Adjustable Convertible 2-in-1 Skates, Junior Size 6 7 8 9, Tri-Wheels to Inline Skates 3 Wheels, Roller Blades for Kids Boys Toddler Outdoor (Blue, Junior Size 6-9)","E",0.30447909235954285
2043107,104637,"toys for 8 year old boy educations","B07T1NZD27","Sillbird STEM 12-in-1 Education Solar Robot Toys -190 Pieces DIY Building Science Experiment Kit for Kids Aged 8-10 and Older,Solar Powered by The Sun","E",0.2692405581474304
317924,15085,"best friends girl","B001L9EXSY","My Best Friend's Girl [Blu-ray]","E",0.2543187439441681
1284148,65108,"makeup","B00B4YVU4G","NYX PROFESSIONAL MAKEUP Makeup Setting Spray, Matte Finish , 2.03 Fl Oz (Pack of 1)","E",0.22258172929286957
1269888,64398,"lysa terkeurst books it wasnt","0310094348","It's Not Supposed to Be This Way Study Guide: Finding Unexpected Strength When Disappointments Leave You Shattered","E",0.32754960656166077
1495623,76059,"orgain organic protein powder under $25","B07PXNNFGT","Orgain Organic Protein + Superfoods Powder, Vanilla Bean - 21g of Protein, Vegan, Plant Based, 5g of Fiber, No Dairy, Gluten, Soy or Added Sugar, Non-GMO, 2.02lb","E",0.3665672838687897
1061944,53655,"intex pool cover 32 x 16","B075R75Q8T","Intex 28051 Solar Roller","E",0.22143790125846863
925931,46521,"gold tulle rolls for nalloons","B0757DCGJZ","SINKSONS 20 Pieces Gold Confetti Balloons, 12 Inches Party Balloons With Golden Paper Confetti Dots For Party Decorations Wedding Decorations And Proposal (Gold)","E",0.3062814772129059
1833162,93644,"simple human g bags","B010B2L04G","simplehuman Code H Custom Fit Drawstring Trash Bags, 30-35 Liter / 8-9 Gallon, White, 60 Count, Liners","E",0.31325584650039673
1845600,94310,"sleep white noise machine","B00JU8P8VY","Adaptive Sound Technologies LectroFan Premium White Noise Sound Machine with 20 Unique Non-Looping Fan and White Noise Sounds and Sleep Timer, White, unscented, 1 Count","E",0.2896815240383148
2061391,105595,"tub stopper and hair catcher","B004L04X5S","Danco 10306, Tub/Drain Protector Hair Cather and Strainer, Hair Drain Clog Prevention Drain Snake, Snare and Auger","E",0.2761741578578949
532055,26188,"chump t shirts","B078LC7GCX","Champion Men's Classic Jersey Script T-Shirt, Black/Black, X-Large","E",0.287636935710907
1613303,82185,"pool table ping pong table top combo","B001CCHHX8","Fat Cat by GLD PRODUCTS Original 2-in-1, 7-Foot Pockey Game Table (Air Hockey and Billiards)","E",0.3114432394504547
1021837,51549,"household ventilation fans","B00NHJHTFU","Broan-NuTone AE80LK Flex Bathroom Exhaust Ventilation LED Light, Energy Star Certified, 80 CFM, 0.7 Sones Bath Fan, White","E",0.2835441529750824
220856,10083,"ar15 flashlight with mount","B07TBBMYND","Streamlight 88071 ProTac Rail Mount HL-X USB 1000-Lumen Rechargeable Dual Fuel Long Gun Light With Remote Switch, Remote Retaining Clips, Mounting Hardware, USB Battery & Cord, Black – Box Packaged","E",0.27473434805870056
1380059,70106,"modern ceiling fan without light","B07F7P2V7P","Minka-Aire F524-CL Roto 52 Inch Ceiling Fan 3 Blades in Coal Finish","E",0.3261316418647766
2027322,103843,"togas boys","B07B7HNLMG","Ravensburger - Gravitrax Kit de Inicio, Juego STEM innovador y educativo, Edad recomendada 8+, Construye tu propia pista de canicas - Dimensiones: 34 x 34 x 11 cm","E",0.15010707080364227
1706565,87009,"remote control ceiling fan without light","B00ESVXRE8","Hunter Fan Company 53125 Bridgeport 52 Inch Versatile Indoor/Outdoor Damp-Rated Home Ceiling Fan with Pull Chain Control without Light Fixture, 52"", White finish","E",0.30191314220428467
328880,15609,"big chief tablet for kindergarten","1441334580","Practice Writing Pad - Primary tablet great for grades Kindergarten and up. (40 Sheets)","E",0.20423980057239532
293070,13785,"bathroom storage shelf","B07HN1BRGK","Amazon Basics Mesh Sliding Basket Drawer Storage Shelf Organizer, Silver","E",0.24703070521354675
1301198,66004,"marvel lego minifigures set","B07WMLFCTQ","LEGO Marvel Spider-Man Spider-Jet vs Venom Mech 76150 Superhero Gift for Kids with Minifigures, Mech and Plane (371 Pieces)","E",0.30684134364128113
539748,26566,"classic brand headboard","B074NDPZT5","Vibe Gel Memory Foam 12-Inch Mattress | CertiPUR-US Certified | Bed-in-a-Box, Twin XL","E",0.27283206582069397
153495,6579,"addidas volleyball bag","B0090WWUF2","adidas Team Speed Backpack, University Red, One Size Fits All","E",0.3733946979045868
114927,4698,"50mm canon rf lens","B07H4G9ZKW","Canon RF 50mm f/1.2L USM Lens, Black (2959C002)","E",0.32520532608032227
847116,42375,"frame and box spring full","B017YETJFG","ZINUS SmartBase Heavy Duty Mattress Foundation / 18 Inch Metal Platform Bed Frame / No Box Spring Needed / Sturdy Steel Frame / Underbed Storage, Full","E",0.29336950182914734
1659548,84570,"purple hair dye for dark hair without bleach","B01M1N7IFY","L'Oreal Paris Feria Multi-Faceted Shimmering Permanent Hair Color, V28 Midnight Violet (Deepest Violet), Pack of 1, Hair Dye","E",0.28723010420799255
1613304,82185,"pool table ping pong table top combo","B001L2IBE8","Fat Cat Original 3-in-1 Green 7' Pockey Multi-Game Table - Air Hockey, Billiards and Table Tennis - Green","E",0.3158628046512604
286117,13429,"basketball","B07D75Y7QR","Wilson NCAA MVP Rubber Basketball, Elementary - 25.5""","E",0.2635422348976135
342154,16298,"black and white air max shoes for women","B07ZJP7VZJ","Nike Air Pegasus 37 Womens Running Trainers BQ9647 Sneakers Shoes (UK 4.5 US 7 EU 38, Black White 002)","E",0.3087944984436035
47568,1710,"11 promax phone case without screen otterbox","B07W7F529G","OtterBox STRADA SERIES Case for iPhone 11 Pro Max - ESPRESSO (DARK BROWN/WORN BROWN LEATHER)","E",0.28870660066604614
579515,28629,"control dvd","B07C2MGWTD","GE Backlit Universal Remote Control for Samsung, Vizio, LG, Sony, Sharp, Roku, Apple TV, TCL, Panasonic, Smart TV, Streaming Players, Blu-Ray, DVD, 4-Device, Black, 40081","E",0.24060167372226715
223847,10241,"argeneau vampire series","B00A9V3GTM","Under a Vampire Moon: An Argeneau Novel","E",0.2503831386566162
1219598,61827,"lg hbs tone retractable","B07WQ9LP6H","LG Tone Flex HBS-XL7 Bluetooth Wireless Stereo Neckband Earbuds with 32-Bit Hifi DAC Tune by Meridian Audio, Black","E",0.2796219289302826
205741,9342,"annin american flag 3x5","B003J36E50","Annin Flagmakers Model 2710 American Flag Tough-Tex The Strongest, Longest Lasting, 3x5 ft, 100% Made in USA with Sewn Stripes, Embroidered Stars and Brass Grommets","E",0.2944229543209076
157068,6769,"adidas tech fit compression shorts men","B008IIZ81M","adidas Men's Techfit Compression Dig Short Tight, Black/Light Scarlet, Small","E",0.32970261573791504
571117,28198,"compact projector","B07YY87FXP","ELEPHAS 2020 Mini Movie Projector, 5000 Full HD 1080P Video Projector, with 50, 000 Hours LED Lamp Life and 200"" Display, Compatible with USB/HDMI/VGA/Laptop/iPhone/TV Stick/TF Card","E",0.2817073166370392
140933,5941,"a/c thermostats for home","B018A3DHJY","Honeywell Home RTH221B1039 RTH221B Programmable Thermostat, White","E",0.33129364252090454
819080,40888,"fitness inspire hr","B07MSYTQNM","Fitbit Inspire HR Heart Rate and Fitness Tracker, One Size (S and L Bands Included), 1 Count","E",0.23119010031223297
973769,48986,"hanes muscle shirts for men","B00ACIFP64","Hanes Ultimate Men's Control Crew Neck Undershirt-Multiple Packs Available, White-6 Pack, Large","E",0.26931604743003845
21195,745,"1 gallon ziplock bags the kind without the zip clip","B07BJ495GL","Amazon Brand - Solimo Gallon Food Storage Bags, 120 Count","E",0.2548825442790985
1712871,87346,"return a gift","B075Y8WBTS","App Store & iTunes Gift Cards - Email Delivery","E",0.22660529613494873
745475,37087,"electric keyboard piano","B07FDL3NGT","Teclado RockJam compacto de 61 teclas con soporte para partituras, fuente de alimentación, pegatinas para notas de piano y lecciones de piano simples","E",0.3180135488510132
1006670,50742,"history of the world","B01G7PYQTM","23andMe Health + Ancestry Service: Personal Genetic DNA Test Including Health Predispositions, Carrier Status, Wellness, and Trait Reports (Before You Buy See Important Test Info Below)","E",0.18901751935482025
102544,4116,"4 seater patio set","B007XVXU1A","Christopher Knight Home Carolina Outdoor Acacia Sofa Set, 4-Pcs Set, Brown Patina + Cream Cushion","E",0.29232755303382874
1020735,51493,"hotas joystick","B07643TW2V","Thrustmaster T-Flight Hotas One (XBOX Series X/S & XOne and Windows)","E",0.302651047706604
1203352,60972,"led lights without plug","B014STP24C","Koopower [Remote and Timer 40 LED Outdoor Fairy Lights - 8 Modes Battery Operated Strings (120 Hours of Lighting,IP65 Waterproof,Warm White)","E",0.28950440883636475
965423,48553,"halloween costumes for boys","B00TO8QRC4","Rubies Child's The Original Inflatable Dinosaur Costume, T-Rex, Small","E",0.24739307165145874
32724,1162,"10 and 8 yr old. make up without the nieal plush","B00E24BM2U","ALEX Toys Hair Chalk Salon Girls Hair Activity","E",0.23394909501075745
1048130,52886,"impact to socket 1/2 inch drive","B000JL9I5I","TEKTON 1/2 Inch Drive 6-Point Impact Socket Set, 10-Piece (11-24 mm) | 4815","E",0.23217624425888062
2005973,102736,"things to get teens for christmas","B0812BN1L1","What Do You Meme? Family Edition - The Hilarious Family Game for Meme Lovers","E",0.24922487139701843
252336,11676,"b450 motherboard","B07WF6ZQST","MSI Arsenal Gaming AMD Ryzen 2ND and 3rd Gen AM4 M.2 USB 3 DDR4 DVI HDMI Crossfire ATX Motherboard (B450 TOMAHAWK MAX II)","E",0.2820042371749878
125452,5206,"760 cover girl","B0018QJFE2","CoverGirl Smoothers Liquid Make Up, Classic Tan 760, 1-Ounce Packages (Pack of 2)","E",0.2226051688194275
237844,10942,"athletic greens powder","B0786Q851W","Vibrant Health, Green Vibrance, 25.04 Ounce","E",0.34416061639785767
597708,29566,"counter stools 25 inches","B0166POV1Q","Signature Design by Ashley Glosco Farmhouse 25.5"" Counter Height Saddle Barstool, 2 Count, Two-Tone Brown","E",0.32150834798812866
1444044,73410,"night stand single","B01NBJMHFK","Furinno 11157GYW/BK Andrey End Table Nightstand with Bin Drawer, 1-Pack, French Oak Grey","E",0.28587013483047485
1505343,76578,"outdoor fans without lights","B0842RLBSK","Hunter Fan Company 59609 Trimaran Ceiling Fan, 52, Matte Black Finish","E",0.2792414426803589
1184455,59991,"large bamboo wall art","B01BS54XTO","Madison Park Wall Art Living Room Décor - Scenery Triptych Canvas Home Accent Modern Dining Bathroom Decoration, Ready to Hang Painting for Bedroom, Multi-Sizes, Natural Forest Reflection 3 Piece","E",0.27532175183296204
1434979,72915,"nesoresso vertuoline pods","B01N05APQY","Nespresso Capsules VertuoLine, Medium and Dark Roast Coffee, Variety Pack, Stormio, Odacio, Melozio, 10 Count (Pack of 3)","E",0.3090420365333557
1299844,65928,"mars lego set","B083JWZNW7","LEGO Ideas International Space Station 21321 Building Kit, Adult Set for Display, Makes a Great Birthday Present (864 Pieces)","E",0.28721144795417786
51877,1891,"12 volt amp","B0071HZ5EQ","Pyle Home Mini Audio Amplifier - 60W Portable Dual Channel Surround Sound HiFi Stereo Receiver w/ 12V AC Adapter, AUX, MIC IN, Supports Smart Phone, iPhone, iPod, MP3 For 2-8ohm Speakers - Pyle PFA200","E",0.27376019954681396
182506,8097,"all left for dead video games for xbox 360","B00KVSQAGO","Grand Theft Auto V Xbox One","E",0.2562994658946991
1142832,57874,"kids kindle fire tablet","B07KD718K4","Fire HD 10 Kids Tablet – 10.1” 1080p full HD display, 32 GB, Pink Kid-Proof Case (2019 Release)","E",0.3285587728023529
1513244,76996,"oz naturals vitamin c serum for face","B01B5G45R6","artnaturals Anti Aging Vitamin C Serum for Face, Facial Skin Care Products 3 pack, Hyaluronic Acid and Retinol Serum (3 x 1 Fl Oz / 30ml), Anti Wrinkle and Dark Circle Remover","E",0.3285497725009918
1168302,59191,"kurig coffee machines","B083248S3B","Keurig K-Slim Coffee Maker, Single Serve K-Cup Pod Coffee Brewer, 8 to 12 oz. Brew Sizes, Black","E",0.309906005859375
1779194,90818,"scar prevention cuts","B003DGWTXE","ScarAway Advanced Skincare Silicone Scar Sheets, Silicone Scar Sheets for Body Scar, Surgical Scar, Burn Scar, Acne Scar and Keloid Scar Treatment, 6 Sheets","E",0.3294340670108795
210988,9597,"apollo 11","1534440305","Moonshot: The Flight of Apollo 11 (Richard Jackson Books (Atheneum Hardcover))","E",0.26598823070526123
45086,1618,"10w30 marine oil","B07V48QK2V","Quicksilver 10W-30 Synthetic Marine Engine Oil - 1 Quart","E",0.2727494239807129
243311,11232,"australian botanical sunscreen spf 50","B01M8G39OW","Australian Gold Botanical Sunscreen Tinted Face Mineral Lotion SPF 50, 3 Ounce | Broad Spectrum | Water Resistant","E",0.219039648771286
36244,1293,"10 qt stainless steel pot without aluminum","B07HHXV5QB","Circulon Radiance Hard Anodized Nonstick Stock Pot/Stockpot with Lid - 10 Quart, Gray","E",0.3341798484325409
344240,16410,"black cargo pants women","B07NLYNYMN","Dickies Women's Stretch Twill Straight Leg Cargo Pant, Rinsed Black, 6","E",0.33057036995887756
1731937,88311,"rolling desk chair without arms","B00E97HEW2","Flash Furniture Mid-Back Black Quilted Vinyl Swivel Task Office Chair","E",0.31378066539764404
14140,485,"01 ford mustang 3.8 tan seat covers without headrest","B089Y2ZJQH","Motor Trend LuxeFit Beige Faux Leather Car Seat Cover for Front Seats, 1 Piece – Premium Universal Fit Interior Protector, Padded Leather Seat Cover Cushion for Auto Truck Van & SUV","E",0.2733534574508667
583067,28817,"cool tissues kleenex","B07YL9BVHD","Kleenex Expressions Ultra Soft Facial Tissues, 8 Cube Boxes, 65 Tissues per Box (520 Total Tissues)","E",0.31014275550842285
714563,35560,"drip drop","B07NRBN6WG","DripDrop ORS - Electrolyte Powder For Dehydration Relief Fast - For Workout, Sweating, Illness, & Travel Recovery - Watermelon, Berry, Lemon Variety Pack - 32 x 8oz Servings","E",0.23273542523384094
92573,3682,"32 inch smart tv 4k","B01CG8NFQO","Sony 32-inch 720p Smart LED TV (KDL32W600D, 2016 Model)","E",0.310430109500885
2136947,109464,"wall clock digital","B06XDSQRMJ","La Crosse Technology 513-1419-WA-INT Atomic Large Full Digital Calendar Clock, 9.84"" L x 1.14"" W x 7.48"" H, Walnut","E",0.28664517402648926
387606,18639,"bose earbuds","B0117RFOEG","Bose SoundSport, In-Ear Sports Headphones for Apple devices, (Water and Sweat Resistant Headphones), Charcoal","E",0.31429970264434814
1285509,65177,"makeup without titanium dioxide","B008C13146","Maybelline Dream Fresh Skin Hydrating BB cream, 8-in-1 Skin Perfecting Beauty Balm with Broad Spectrum SPF 30, Sheer Tint Coverage, Oil-Free, Light/Medium, 1 Fl Oz","E",0.2602495551109314
945267,47526,"grid mirror","B00505BFF4","Howard Elliott Superior Hanging Rectangular Window Design Wall Mirror, Accent, Bronze, Eegant Beveled Frameless Windowpane Décor Mirrors, Hang Horizontal or Vertical, 34 x 38 Inch","E",0.293251633644104
1369792,69560,"mini vending machine","B01BMSFF4Y","Dr. STEM Toys Kids Talking ATM Machine Savings Piggy Bank with Digital Screen, Electronic Calculator That Counts Real Money, and Safe Box for Kids, Silver","E",0.2867988646030426
207646,9440,"anti-theft crossbody bags for women leather","B01CG1MW2Y","Travelon Anti-Theft Heritage Hobo Bag, Pewter, 11.5 X 9.5 X 3","E",0.312382310628891
261128,12144,"baby shark bath toys singing","B07Q2MNW1Z","Baby Alive, Baby Shark Blonde Hair Doll, with Tail & Hood, Inspired by Hit Song & Dance, Waterplay Toy for Kids Ages 3 Years Old & Up (Amazon Exclusive), Pink","E",0.3146594166755676
210993,9597,"apollo 11","0813056179","Picturing Apollo 11: Rare Views and Undiscovered Moments","E",0.3293778896331787
370088,17766,"board games for kids","B00UPAYY70","5 Second Rule Junior","E",0.29495927691459656
1474111,74975,"oakley valve","B003DQPBXE","Oakley Holbrook Sunglasses, Matte Black Frame/Warm Grey Lens, One Size","E",0.29858991503715515
402047,19372,"bracelet making kit age 8","B01N02MNVQ","Just My Style ABC Beads by Horizon Group Usa, 1000+ Charms & Beads, Alphabet Charms, Accent Beads, Seed Beads, Star Beads, Wax Beading Cord, Satin Cord & Key Ring Included, Bright","E",0.2468264102935791
555683,27406,"coffee maker not keurig","B00EI7DPS0","Hamilton Beach Scoop Single Serve Coffee Maker, Fast Brewing, Stainless Steel (49981A)","E",0.29222097992897034
167550,7318,"air fryer oven","B0872DQV7Z","Kalorik MAXX® AFO 46045 SS Digital Air Fryer Oven 26 Quart 10-in-1 Countertop Toaster Oven & Air Fryer Combo - Grill, Rotisserie, Dehydrator, Pizza Oven, & More | 1750W | Stainless Steel","E",0.2978357672691345
189386,8461,"amanzon","B01K8RMDO0","Amazon.com Gift Card in a Black Gift Box (Classic Black Card Design)","E",0.19567500054836273
1183761,59963,"laptop under 300 dollars","B0886L3CFV","HP Stream 11.6-inch HD Laptop, Intel Celeron N4000, 4 GB RAM, 32 GB eMMC, Windows 10 Home in S Mode with Office 365 Personal for 1 Year (11-ak0020nr, Diamond White)","E",0.2884540557861328
1639124,83522,"probably something that has a good amd ryzen processor in it with metal build quality and a nice va panel screen  ","B07SXMZLPK","AMD Ryzen 7 3700X with Wraith Prism cooler 3.6GHz 8コア / 16スレッド 36MB 65W【国内正規代理店品】 100-100000071BOX","E",0.3055820167064667
94292,3764,"36 inch shower curtain rod","B00LUYNCR8","iDesign Cameo Metal Tension Rod, Adjustable Customizable Curtain Rod for Bathtub, Shower Stall, Closet, Doorway, 26-42 Inches, Matte Black","E",0.2711346745491028
39047,1400,"100 headset without micrphone","B07RJHH6Q8","SteelSeries Arctis 9X Wireless Gaming Headset – Integrated Xbox Wireless + Bluetooth – 20+ Hour Battery Life – for Xbox One and Series X","E",0.28959277272224426
1639030,83516,"proactiv cleanser 1","B004DOYM2Q","Proactiv Acne Cleanser - Benzoyl Peroxide Face Wash and Acne Treatment - Daily Facial Cleanser and Hyularonic Acid Moisturizer with Exfoliating Beads - 90 Day Supply, 6 Oz","E",0.3937644362449646
410604,19828,"brincolines para adultos","B07DJ5NH8V","10FT Trampoline with Enclosure Net Outdoor Jump Rectangle Trampoline - ASTM Approved-Combo Bounce Exercise Trampoline with PVC Spring Cover Padding for Kids and Adults","E",0.22840316593647003
310548,14692,"beer themed gifts for women","B07F7167QH","I LIKE CRAFTS Craft Beer Microbrew Hops Funny Gift Dad Men T-Shirt","E",0.3014748990535736
30014,1060,"1/2 inch binder","B07NXBNRQT","Avery Heavy Duty View 3 Ring Binder, 0.5"" One Touch Slant Ring, Holds 8.5"" x 11"" Paper, 1 White Binder (79380)","E",0.2513830363750458
1850927,94587,"small ball pit","B079Y9CQX8","FoxPrint Basketball Ball Pit - Toddler Ball Pit Tent - Sensory Ball Pit with Basketball Hoop & Zippered Storage Bag - 4'/120cm - Balls not Included","E",0.33957430720329285
431816,20959,"bycicle card deck guardians","B07ZWM87WY","Bicycle 1885 Anniversary Playing Cards (packaging may vary) , White","E",0.2926866114139557
1549853,78855,"pentek big blue filter","B0045LUE4W","Pentair Pentek 150237 Big Blue Filter Housing, 1"" NPT #10 Whole House Heavy Duty Water Filter Housing with High-Flow Polypropylene (HFPP) Cap and Pressure Relief Button, 10-Inch, Black/Blue","E",0.27225756645202637
86903,3415,"3 port gigabit switch","B0000BVYT3","NETGEAR 5-Port Gigabit Ethernet Unmanaged Switch (GS105NA) - Desktop or Wall Mount, and Limited Lifetime Protection","S",0.3137255012989044
205722,9342,"annin american flag 3x5","B00F544LUG","Annin Flagmakers Model 2750 American Flag, 8 by 12-Feet, not_Applicable","S",0.30593955516815186
320750,15226,"beth caudill","B07RS51TT3","She's Not the One (Matthews Family Book 1)","S",0.20816951990127563
329961,15667,"big nate book 4-6","0007589042","Big Nate Series Collection Lincoln Peirce 6 Books Box Set Gift Pack (Big Nate on a Roll, Goes for Broke, the Boy with the Biggest Head in the World, Strikes Again, Flips Out, in the Zone)","S",0.34867236018180847
30439,1075,"1/2 pvc coupling without stop","B007Q2GRVG","U4801 11/2 HXH COUPLING PVC","S",0.2788454592227936
410188,19808,"bright light table lamps","B07DRKDFJS","LED Desk Lamp,JUKSTG Eye-Caring Table Lamp,Adjustable Desk Light,Home Office Lamps with USB Charging Port,7 Brightness Levels 4 Lighting Modes,Blue Light Filter,Touch Control,14W Reading Lamp,Silver","S",0.24549229443073273
309930,14654,"beef jerky for dad","B01FA1BLQ0","Cattleman's Cut Original Beef Jerky, 10 Ounce","S",0.29739511013031006
47724,1716,"11 x 24 x 60 kitchen shelving unit white without wheels","B002ACO6LA","Honey-Can-Do 4-Tier Chrome Shelving unit-200 lbs, 4-Tier","S",0.3106173574924469
127436,5309,"8.5 x 11 frame white","B01616HZMM","MCS Format Frames, 8.5 x 11 in, Black, 12 Count","S",0.21407166123390198
89437,3538,"3/4 petsafe replacement collar","B074YFMXZZ","PetSafe Add-A-Dog Remote Training Collar – Perfect for Small, Medium and Large Dogs – Choose from Tone, Vibration, or 15 Levels of Static Stimulation – Waterproof and Durable – Rechargeable","S",0.29687538743019104
263092,12247,"baby travel bouncer","B071W4V146","Fisher-Price Baby's Bouncer, Green/Blue/Grey (DTG94)","S",0.29707926511764526
1236417,62678,"link akc","B072XMDHTZ","Tractive 3G GPS Dog Tracker – Dog Tracking Device with Unlimited Range","S",0.23963448405265808
125771,5223,"7th generation free & clear laundry detergent packs","B01M10LBSQ","Seventh Generation Laundry Detergent Packs, Fragrance Free, 75 Count","S",0.31871286034584045
620207,30733,"cup phone holder for car for galaxy","B07X2WGT72","Mpow Car Phone Mount, Dashboard Windshield Car Phone Holder with Long Arm, Strong Sticky Gel Suction Cup, Anti-Shake Stabilizer Compatible iPhone 12 11 pro/11 pro max/XS/XR/X/8/7,Galaxy, Moto and More","S",0.3243117034435272
130298,5447,"9 inch wall clock","B078W67K8H","Unity Cambourne Non-Ticking Sweeping Wall Clock in Chrome Silver 20cm / 8-Inch","S",0.2972407937049866
234357,10765,"assassins creed odyssey switch","B07DJ1PVJG","Assassins Creed Odyssey (PS4)","S",0.3125283718109131
312379,14797,"bella 8 in 1 grill station","B0098HR0PY","Weber 46110001 Spirit E-210 Gas Grill | Liquid Propane, 2-Burner | Black","S",0.28949424624443054
133069,5596,"9x12 bright white const paper 50ct","B000QE391W","SunWorks Construction Paper, Bright White, 12"" x 18"", 50 Sheets","S",0.23436693847179413
1467424,74628,"nude racerback sports bra","B00JAC12W4","Bali Women's One Smooth U Ultra Light Illusion Neckline Underwire Bra, Nude,38DD","S",0.29211804270744324
327946,15567,"big and tall office chair 500lbs cheap desk chair","B014FK0L22","Flash Furniture Big & Tall Office Chair | Black Leather Swivel Executive Desk Chair with Wheels","S",0.3287051320075989
313243,14845,"belly support shorts for pregnancy","B01IVSE8YG","Motherhood Maternity Women's Maternity Essential Stretch Crop Length Secret Fit Belly Leggings, Black, Medium","S",0.29489248991012573
210991,9597,"apollo 11","1501106295","One Giant Leap: The Impossible Mission That Flew Us to the Moon","S",0.26194560527801514
145189,6138,"abu garcia baitcasting combo","B011LV6N8O","Abu Garcia SMAX3/701MH Silver Max Fishing Rod and Baitcast Fishing Reel Combo, 7 Feet, Medium Heavy Power","S",0.26659029722213745
328129,15573,"big and tall track pants","B071G1WWZN","adidas Men's Originals Superstar Track Pants, Black, Small","S",0.2858682870864868
61849,2341,"18 month coat boy","B07RLYJZ63","Carter's Baby Boys Adventure Bubble Jacket, Armour Gray/Azul/Radioactive, 18 Months","S",0.2688954174518585
118141,4848,"6 drawers tall chest","B071W9L4JG","South Shore Gramercy 6-Drawer Double Dresser, Pure Black with Brushed Nickel Handles","S",0.14770779013633728
177509,7829,"alegra allergy 60 mg","B077NZVXKF","Wellness Basics - Allergy Relief - Fexofenadine HCL (180mg Tablet - 150 Count) Long-Lasting 24-Hour Relief - Non Drowsy - Prescription-Strength Antihistamine - Relieves Indoor & Outdoor Allergies","S",0.31814128160476685
1852274,94664,"small cooler","B00GZQ80BE","Coleman Cooler| 16-Quart Portable Cooler |EZ-Clean Excursion Cooler Ideal for Picnics and Barbecues","S",0.2860780954360962
301377,14206,"beachy storage bench for bedroom","B01H7ASFP2","SIMPLIHOME Waverly 48 inch Wide Rectangle Ottoman Bench Natural Tufted Footrest Stool, Linen Look Polyester Fabric for Living Room, Bedroom, Traditional","S",0.28611889481544495
899441,45106,"giant blank card","B075CTXSH6","American Greetings Single Panel Blank Cards with Envelopes, Rainbow Colors (200-Count)","S",0.25131362676620483
1209341,61279,"lego duplo cars","B01CU9WL5A","LEGO DUPLO Town Truck & Tracked Excavator 10812 Dump Truck and Excavator Kids Construction Toy with DUPLO Construction Worker Figures (26 Pieces)","S",0.2930596172809601
527055,25910,"christmas gifts","B00MV9FCFQ","Gamestop Gift Cards - E-mail Delivery","S",0.19949284195899963
155559,6690,"adidas leggings women high waisted","B08777GXJS","adidas womens 3-Stripes 3/4 Tights Black/White Medium","S",0.34872978925704956
71015,2717,"2 yr old boy police car","B01FWKFTJY","Kid Trax Police Rescue Motorcycle 6V Battery-Powered Ride-On Toy,Black,6 Volt","S",0.2656383812427521
1917622,98124,"stickers for kids food","B07BJ5L7N3","Fashion Angels 1000+ Ridiculously Cute Stickers for Kids - Fun Craft Stickers for Scrapbooks, Planners, Gifts and Rewards, 40-Page Sticker Book for Kids Ages 6+ and Up","S",0.3130493462085724
167729,7328,"air guns","B00T9S3OBQ","Benjamin BPBD3S Bulldog .357 PCP Hunting Rifle With Reversible Sidelever Bolt Action, Black","S",0.2711828052997589
145185,6138,"abu garcia baitcasting combo","B07KZ6C7QT","LEW'S FISHING Mach 1 Speed Spool SLP Combo, Left-Hand Retrieve, Baitcast Combo, Baitcasting Reel, Fishing Reel and Fishing Rod, Fishing Gear and Equipment, Fishing Accessories (MH1SHLA610MH)","S",0.24069182574748993
119387,4911,"6 x 12 floor register oil rubbed bronze","B002OUCATS","Accord ABBBWH15 Baseboard Register with Sunburst Design, 15-Inch(Duct Opening Measurement), White","S",0.22578826546669006
160778,6974,"adult thomas the train shirt","B07YGNYY4M","This Train Conductor Costume - Halloween Train Driver T-Shirt","S",0.3048112392425537
1689039,86103,"receivers 7.1 channel","B0071I3OF2","Wireless Bluetooth Power Amplifier System - 420W 5.1 Channel Home Theater Surround Sound Audio Stereo Receiver Box w/ RCA, AUX, Mic w/ Echo, Remote - For Subwoofer Speaker - Pyle PT588AB Black","S",0.27938196063041687
787604,39234,"face sunscreen for sensitive skin","B01M8G39OW","Australian Gold Botanical Sunscreen Tinted Face Mineral Lotion SPF 50, 3 Ounce | Broad Spectrum | Water Resistant","S",0.2436942756175995
900903,45175,"gift cards for olive garden","B076CXY1MN","Darden Restaurants Gift Card $25","S",0.3755507469177246
906720,45493,"girl without a country","B018ER7ILE","Journey Interrupted: A Family Without a Country in a World at War","S",0.2071903645992279
482457,23603,"cashew oil for warts","B01NALN8Q9","Castor Oil (2oz), USDA Certified Organic, 100% Pure, Cold Pressed, Hexane Free by Kate Blanc Cosmetics. Stimulate Growth for Eyelashes, Eyebrows, Hair. Skin Moisturizer & Hair Treatment Starter Kit","S",0.29200294613838196
341368,16254,"black and decker 40v blower","B07MVLM292","Greenworks 40V (110 MPH / 390 CFM) Cordless Axial Blower, 3.0Ah Battery and Charger Included LB-390","S",0.3115747570991516
705942,35124,"dr brandt do not age","B072K1LNNY","Korean Skin Care K Beauty - 20% Vitamin C Hyaluronic Acid Serum + CE Ferulic Acid Provides Potent Anti Aging, Anti Wrinkle Korean Beauty 1oz","S",0.18034398555755615
160803,6975,"adult toothpaste not mint","B07P5NH63L","Tom's of Maine Natural Luminous White Toothpaste with Fluoride, Clean Mint, 4.7 oz. 3-Pack (Packaging May Vary)","S",0.2558208405971527
95443,3821,"380 reloading dies","B000NTNJ1K","LEE PRECISION 90622, 3 Die Carbide Set.325 ACP","S",0.23999427258968353
2017019,103307,"tiny chapsticks","B004FHZKOA","Aquaphor Lip Repair Ointment - Long-lasting Moisture to Soothe Dry Chapped Lips Tube, 0.35 Fl Oz (Pack of 1)","S",0.21201911568641663
1013728,51127,"honest baby detergent laundry","B001RZQW18","Dreft Stage 1: Newborn Liquid Laundry Detergent (HE),Natural for Baby, Newborn, or Infant, 50 oz, 32 loads","S",0.323525995016098
2080946,106582,"under $10","B00LH3DMUO","Amazon Basics - Pilas alcalinas AAA de 1,5 voltios, gama Performance, paquete de 36 (el aspecto puede variar)","S",0.23776942491531372
234351,10765,"assassins creed odyssey switch","B07W22BBD3","Assassin's Creed III Remastered + Assassin's Creed Liberation Remastered NSW (Nintendo Switch)","S",0.2623288333415985
108804,4413,"4moms pack and play","B01BMAW2UM","Joovy Room²-Playard, Portable-Playard, Playpen, Black","S",0.258746474981308
247451,11430,"avengers animated tv series","B00H57T5FC","The Avengers: Earth's Mightiest Heroes, Season 2 [Blu-ray]","S",0.33295321464538574
50178,1810,"12 ft paint sprayer hose","B001NOGIKS","HYDE 09997 Acrylic Knockdown Knife, 18-inch","S",0.2466217428445816
2226234,114229,"xbox 1tb ssd external harddrive","B07QLQ62ZB","Tianken 500G Hard Drive External HDD for Xbox 360, Gray","S",0.2796049416065216
313183,14841,"belly firming patch","B003CJP13W","NIVEA Skin Firming and Toning Body Gel-Cream with Q10, 6.7 Oz Tube","S",0.26804715394973755
1937595,99190,"sunfire subwoofer","B00MJ1YR8Y","Klipsch R-12SW Subwoofer","S",0.2814655005931854
210560,9578,"aphid killer","B004TSU748","BioAdvanced 701901 12-Month Tree and Shrub Protect and Feed Insect Killer and Fertilizer, 32-Ounce, Concentrate","S",0.24810318648815155
131966,5536,"95 length grey block curtains","B01BN4FLEG","Exclusive Home Curtains Chateau Striped Faux Silk Grommet Top Curtain Panel Pair, 54x96, Black Pearl","S",0.36215418577194214
1504237,76520,"outdoor bar table and chairs set","B002USUJV0","Linon Brown 3-Piece Table Faux Marble Tavern Set, 42"" w x 22.25"" d x 36"" h","S",0.2897055149078369
106448,4299,"49ers gym apparel","B0071A06BK","Russell Athletic Men's Mesh Short with Pockets, True Red, Large","S",0.30526286363601685
2245267,115164,"youth archery target","B00AI9IXJS","Morrell Yellow Jacket 19 Pound Portable Stinger Adult Field Point Archery Bag Target with 2 Shooting Sides, 10 Bullseyes, and Carry Handle, Yellow","S",0.24089959263801575
1561303,79466,"phillps air fryers best seller prime","B07QHSZGXC","COSORI Accessories XL, Set of 6 Fit all 5.8Qt, 6Qt Air Fryer BPA Free, Dishwasher Safe, Non-stick Coating, C158-6AC, Black","S",0.21118511259555817
349451,16694,"black onesies baby","B0744PMZVG","Simple Joys by Carter's Baby Boys' 4-Pack Pant, Black/Gray/Dino/Anchor, 3-6 Months","S",0.25502198934555054
47207,1693,"11 inch doll clothes","B07TJNPV76","BARWA 36 Pack Doll Clothes and Accessories 5 PCS Fashion Dresses 5 Tops 5 Pants Outfits 3 PCS Wedding Gown Dresses 3 Sets Swimsuits Bikini for 10 Hangers 10shoes 11.5 inch Doll","S",0.30139943957328796
113475,4627,"50 gallon tote","B00V87CQYM","Sterilite 14699002 40 Gallon/151 Liter Wheeled Industrial Tote, Black Lid & Base w/ Racer Red Handle & Latches, 2-Pack","S",0.2549010217189789
138658,5824,"a general introduction to the bible by norman l. geisler","0785266429","End Times Fiction: A Biblical Consideration Of The Left Behind Theology","S",0.269350528717041
1706567,87009,"remote control ceiling fan without light","B00DF4ICOY","Hunter Fan Company 51059 Hunter Indoor Low Profile IV Ceiling Fan with Pull Chain Control, 42"", White Finish","S",0.3193116784095764
247494,11432,"avengers books for kids 3-5","1484716582","World of Reading: Hulk This is Hulk","S",0.28208598494529724
105190,4238,"42” glass top table","B003DYZQKY","LIFETIME 80160 Commercial Height Adjustable Folding Utility Table, 4 Feet, White Granite","S",0.2975770831108093
89566,3543,"3/4 squire guitar","B005N2C0MG","Squier 6 String Solid-Body Electric Guitar, Right Handed, 2 Tone Sunburst (0310202503)","S",0.2994188666343689
199320,9004,"ancient remedies dr axe","0768417864","Essential Oils: Ancient Medicine","S",0.2344662845134735
322930,15339,"bh cosmetics","B01GNVG89Q","BS-MALL 13 PCS Makeup Brush Set Premium Synthetic Silver Foundation Blending Blush Face Powder Brush Makeup Brush Kit","S",0.27175137400627136
59140,2215,"15x70 binoculars","B003AM87Q4","Celestron - SkyMaster 25x70 Binocular - Large Aperture Binoculars with 70mm Objective Lens - 25x Magnificiation High Powered Binoculars - Includes Carrying Case","S",0.2950703501701355
1311569,66527,"maxforce carpenter ant bait gel","B00TXFE4RI","Syngenta Advion Ant Gel 4 tubes 30 grams each","S",0.26416534185409546
2000279,102419,"the story and its writer 10th edition","0525555374","Turtles All the Way Down","S",0.23845860362052917
2089921,107077,"upright infant seat","B07WKBW6Y8","Summer Infant 3 in 1 Floor 'N More Support Seat, Feeding & Booster Chair for Toddlers with Machine Washable Fabric Seat and Removable Dining Tray, Aqua, 18.25"" l x 8.25"" b x 14.25"" h","S",0.31971311569213867
1960135,100320,"taco vs burrito","B07WC2Z9HF","On a Scale of One to T-Rex by Exploding Kittens: A Card Game for People Who Are Bad at Charades - Family Card Game- Card Games for Adults, Teens & Kids","S",0.23872388899326324
154780,6647,"adidas boston marathon 7 shoes","B07KX8C6JJ","adidas Women's Adizero Boston 8 Running Shoe, Black/White/Black, 7.5 M US","S",0.29971882700920105
1671537,85188,"race tracks for boys","B073GWF8P8","Anki Overdrive: Fast & Furious Edition","S",0.235488623380661
1461629,74326,"normal people sally rooney","1503943372","Beneath a Scarlet Sky: A Novel","S",0.20344571769237518
520355,25555,"children melatonin zarbees","B08L7KFZ4F","Zarbee's Baby Calming Massaging Balm with Shea Butter, Lavender and Chamomile, 2 Ounce","S",0.3209458291530609
209187,9514,"aoc agon ag352ucg6 black edition","B07R5R9VR9","LG 34GL750-B 34 Inch 21: 9 Ultragear Curved Wfhd (2560 X 1080) IPS 144Hz G-SYNC Compatible Gaming Monitor,Black","S",0.302228718996048
118140,4848,"6 drawers tall chest","B074HV4X9D","Tvilum Scottsdale 6 Drawer Double Dresser, White Wood Grain","S",0.3167422115802765
204472,9270,"anker power strip","B000J2EN4S","Belkin Power Strip Surge Protector - 12 AC Multiple Outlets & 8 ft Long Flat Plug Heavy Duty Extension Cord for Home, Office, Travel, Computer Desktop, Laptop & Phone Charging Brick (3,940 Joules)","S",0.3392068147659302
214611,9779,"apple power adapter and lightning cable","B00A83I8G2","Apple 12W USB Power Adapter (for iPhone, iPad)","S",0.2978914678096771
234358,10765,"assassins creed odyssey switch","B00BMFIXOW","Assassin's Creed IV Black Flag - PlayStation 4","S",0.24991068243980408
751836,37423,"elsa white dress frozen 2 adult","B00UM453RY","Leg Avenue 3 Piece Classic Cinderella Gown Full Length Family Friendly Princess Dress and Headband Set for Adult Women, Blue, Small","S",0.3414580523967743
82166,3222,"2nd grade reading games","B0009K8PS0","Learning Resources Snap It Up! Phonics & Reading Card Game, Homeschool, Reading Game, 90 Cards Included, Ages 6+","S",0.23422551155090332
1029478,51950,"huggies overnight size 4","B006Q5ZUQM","Seventh Generation Free & Clear Overnight Diapers, Size 4, 24 ct","S",0.25685226917266846
294475,13857,"batman lego sets 4-7","B08HVZMW1S","LEGO Classic Creative Transparent Bricks 11013 Building Kit with Transparent Bricks; Inspires Imaginative Play, New 2021 (500 Pieces)","S",0.2707313001155853
1488461,75709,"oneplus tv 55 inch","B08Z8PQ4KB","Hisense 55A6G 55-Inch 4K Ultra HD Android Smart TV with Alexa Compatibility (2021 Model)","S",0.3041055202484131
34465,1230,"10 inch saute pan nonstick without long handle","B009HBKQ16","Tramontina 80114/535DS Professional Aluminum Nonstick Restaurant Fry Pan, 10"", NSF-Certified","S",0.33535951375961304
206140,9363,"ant attack","B07L7G598H","ATTACK OF THE KILLER ANTS","S",0.2310706526041031
113481,4627,"50 gallon tote","B06ZZ3XHBW","HOMZ 3410CLRDC.05 Plastic Storage, Modular Stackable Storage Bins with Blue Latching Handles, 7.5 Quart, Clear, 5-Pack","S",0.24908536672592163
1398165,71051,"mous iphone xr case","B07GZLTHN8","i-Blason Cosmo Full-Body Bumper Case with Built-in Screen Protector for iPhone XR 2018 Release, Pink Marble, 6.1""","S",0.29804471135139465
67628,2579,"2 iron golf club","B078J536SJ","Callaway Golf 2018 Men's Rogue X Individual Iron, Left Hand, KBS Max 90 Steel Shaft, Regular Flex, 7 Iron","S",0.29300251603126526
1596449,81299,"playset for babies","B01N6PR5D2","Fisher-Price  Laugh & Learn  Servin  Up Fun Food Truck","S",0.27664270997047424
47722,1716,"11 x 24 x 60 kitchen shelving unit white without wheels","B0030BEPPW","5-Tier Chrome Heavy-Duty Adjustable Shelving Unit with 200-lb Per Shelf Weight Capacity","S",0.3326866626739502
589217,29136,"corner curved tv wall mount 65 inch","B01KBEOM2G","Amazon Basics Heavy-Duty Full Motion Articulating TV Wall Mount for 32-80 inch TVs up to 130 lbs, fits LED LCD OLED Flat Curved Screens","S",0.32696259021759033
95288,3814,"38 ddd push up bras for women","B01NCTRZ82","Hanes Women’s Oh So Light Comfort Flex Fit Wire Free Bra, black/Nude, M","S",0.31267744302749634
239920,11052,"au lait hand wash","B00NQ91T8E","Scottish Fine Soaps Au Lait Milk Bath Powder 500g 17.6oz","S",0.2868651747703552
51973,1897,"12 volt g4 pin base","B006G4PDR4","Philips Halogen Landscape Lighting T3 12-Volt Light Bulb: 3000-Kelvin, 10-Watt, G4 Base, 2-Pack","S",0.2417125403881073
1983077,101461,"tenis rebook classic para hombre","B077ZJX6LL","Reebok mens Royal Bb4500 Hi2 Walking Shoe, Black/White/Primal Red/Light, 13 US","S",0.2923496663570404
1263987,64101,"lucite accent chair","B00QMK1SAS","Roundhill Furniture Noas Contemporary Round Tufted Back Tilt Swivel Accent Chair, White","S",0.32566314935684204
107361,4341,"4k 3d tv","B084JBTYHJ","SAMSUNG 65-inch Class Crystal UHD TU-8000 Series - 4K UHD HDR Smart TV with Alexa Built-in (UN65TU8000FXZA, 2020 Model)","S",0.2842080891132355
2180118,111787,"windex without ammonia","B002QH412S","Glass Plus Glass Cleaner, 32 Fl Oz Bottle, Multi-Surface Glass Cleaner","S",0.28893911838531494
110071,4477,"4xl tshirts for men big and tall soft","B07JB8D26R","Fruit of the Loom Men's Stay Tucked Crew T-Shirt, White-Tall Sizes, XX-Large Tall (6pack)","S",0.29359084367752075
292234,13742,"bathroom lighting with outlet","B002OM87RK","Nuvo SF77/990 with Convenience Outlet with U Channel Glass, 2-Light","S",0.261689692735672
733304,36498,"easy green aquarium fertilizer","B00G25IBCQ","Fluval Plant Micro Nutrient for Aquariums, 8.4-Ounce","S",0.2731693685054779
107631,4355,"4k graphics card","B06ZZ6FMF8","SAPPHIRE Radeon 11265-05-20G Pulse RX 580 8GB GDDR5 Dual HDMI/ DVI-D/ Dual DP OC with Backplate (UEFI) PCI-E Graphics Card Graphic Cards","S",0.2888048589229584
172669,7587,"airpods without case","B08C4KWM9T","Bose QuietComfort Noise Cancelling Earbuds - Bluetooth Wireless Earphones, Triple Black, the World's Most Effective Noise Cancelling Earbuds","S",0.2853088080883026
731024,36382,"earbuds for iphone xr","B01M0GB8CC","Apple EarPods with Lightning Connector - White","S",0.3236646056175232
606745,30049,"crest cinnamon toothpaste","B01BNEWDFQ","Colgate Cavity Protection Toothpaste with Fluoride -White 6 Ounce (Pack of 6)","S",0.26649901270866394
330935,15713,"big wheels for kids","B01MRQF9EY","Hauck Batmobile Pedal Go Kart, Superhero Ride-On Batman Vehicle, Kids 4 and Older, Peddle & Patrol the Streets of Gotham just like Batman, Race-Styled Pedals & Rubber Wheels [Amazon Exclusive] , Black","S",0.2562951445579529
208439,9478,"antique train sets for adults","B07BF2KJKB","Lionel Santa Fe Diesel Passenger Ready-to-Play Set, Battery-powered Model Train with Remote","S",0.2701725363731384
12912,444,"0.5 lead pencil without grip","B08BJFR7V4","Paper Mate Clearpoint Mechanical Pencil, 0.7 mm, Assorted, Refillable, 10-pack","S",0.29056134819984436
107351,4340,"4k 2mp action camera","B07DGR98VQ","Wyze Cam Pan 1080p Pan/Tilt/Zoom Wi-Fi Indoor Smart Home Camera with Night Vision, 2-Way Audio, Works with Alexa & the Google Assistant, White - WYZECP1","S",0.27917125821113586
2101005,107648,"v8 splash juice 24 pack","B076T5K3JQ","Gatorade Classic Thirst Quencher, Variety Pack, 12 Fl Oz (Pack of 24)","S",0.2705717384815216
82723,3247,"2tb external hard drive xbox one","B00IRV005E","LaCie Rugged Mini 2TB External Hard Drive Portable HDD - USB 3.0 USB 2.0 Compatible, Drop Shock Dust Rain Resistant Shuttle Drive, For Mac And PC Computer (LAC9000298), orange","S",0.27496591210365295
92048,3659,"310 shakes for weight loss","B07H7L9TSH","SlimFast Keto Meal Replacement Powder, Vanilla Cake Batter, Low Carb with Whey & Collagen Protein, 10 Servings","S",0.27101245522499084
85734,3363,"3 inch foam roller for physical therapy & exercise","B00YLZPXD4","Yes4All Premium USA Medium Density Round PE Foam Roller for Physical Therapy - 18 inch (Black) 9UAZ","S",0.30250370502471924
591247,29236,"corsair hs70 headband","B07SKCLW2G","Razer Kraken Gaming Headset: Lightweight Aluminum Frame, Retractable Noise Isolating Microphone, for PC, PS4, PS5, Switch, Xbox One, Xbox Series X & S, Mobile, 3.5 mm Audio Jack, Mercury White","S",0.2670532166957855
2171331,111307,"white slim christmas tree with lights","B01IUDN5XM","National Tree Company 'Feel Real' Pre-lit Artificial Christmas Tree | Includes Pre-strung White Lights and Stand | Ridgewood Spruce Slim - 14 ft","S",0.29591992497444153
666798,33118,"dicontinued compound mitersaw","B004UOG4KM","DEWALT Miter Saw Stand, Heavy Duty (DWX725), Silver","C",0.27087000012397766
283336,13294,"barrel burner","B079JBK9G9","Char Broil All-Season Grill Cover, 2 Burner: Medium","C",0.23127628862857819
1823893,93161,"sig mpx magazine","B00XNCTQG6","Sig Sauer MPX .177 Cal CO2 Powered SIG20R Red Dot Air Rifle 30 Rounds, Flat Dark Earth, One Size","C",0.2998540997505188
3257,108,"$90 iphone not chage","B07R9XZSGL","3-Axis Gimbal Stabilizer for iPhone 12 11 PRO MAX X XR XS Smartphone Vlog Youtuber Live Video Record with Sport Inception Mode Face Object Tracking Motion Time-Lapse - Hohem iSteady Mobile Plus","C",0.24139375984668732
64341,2449,"1st baby girl birthday elmo","B07V1RJSFQ","MAGIFIRE Wooden Toddler Puzzles Gifts Toys for 1 2 3 Year Old Boys Girls Baby Infant Kid Learning Educational 6 Animal Shape Jigsaw Eco Friendly Child Kid Montessori Stem Travel Toy","C",0.23444201052188873
2078720,106470,"ultra thin band wngagement ring","B002YC83MO","Weiman Jewelry Cleaner Liquid – Restores Shine and Brilliance to Gold, Diamond, Platinum Jewelry and Precious Stones – 7 Ounce","C",0.23012077808380127
2020839,103494,"to shred bin","B0013CM0KW","Rubbermaid Commercial Products Slim Jim Plastic Rectangular Trash/Garbage Can with Venting Channels, 23 Gallon, Gray (FG354060GRAY)","C",0.28468257188796997
688714,34229,"dodge cummins exhaust system","B00GMNL8LO","DC Sports EX-1012B Performance Bolt-On Resonated Muffler Slant Tip with Clamps and Adapters for Fitment on Most Cars, Sedans, and Trucks - Matte Black Powdercoat","C",0.21714073419570923
1308980,66396,"matrix black and decker","B004LY59V6","BLACK+DECKER LBXR20 Decker 20V Lithium Battery, Compatible with Black & Decker","C",0.2292935848236084
144236,6091,"above the ground pool 60","B088JWRWGM","PAXCESS Cordless Automatic Pool Cleaner, Robotic Pool Cleaner with 5000mAh Rechargeable Battery, 60-90 Mins Working Time, IPX8 Waterproof, Lightweight, Good for Cleaning In-Ground/Above Ground Pool","C",0.23087555170059204
3250,108,"$90 iphone not chage","B07Q2SJNZ5","iPhone Charger, DAZHWA 3pack 6ft Phone Charger Nylon Braided Lightning Cable Cell Phone Fast Charger Cable Cord USB Cable Compatible iPhone 13/12 /11 Pro Max/XS/XR/X/8/7/6S/6 /iPad More","C",0.23797670006752014
574888,28391,"computer sound systems","B004M18O60","Logitech Z906 5.1 Surround Sound Speaker System - THX, Dolby Digital and DTS Digital Certified - Black","C",0.27829471230506897
1283731,65089,"make up","B0773PWTY3","BESTOPE PRO Premium Synthetic Foundation Blending Face Powder Blush Concealers Eye Shadows Make Up Brushes Kit (RoseGold)","C",0.23152242600917816
1218315,61761,"lexus rear side bumper lights","B079L3WBDN","Marsauto 194 LED Light Bulb 6000K 168 T10 2825 5SMD LED Replacement Bulbs for Car Dome Map Door Courtesy License Plate Lights (Pack of 10)","C",0.21037419140338898
1752918,89403,"ryobi miter saw stand","B01BW94EYK","POWERTEC MT4000MBA Miter Saw Stand Mounting Brackets – Set of 2","C",0.2813338339328766
209160,9513,"ao smith water tank","B001ATC4I6","AO Smith 100108260 Aluminum Anode Rod","C",0.2071988880634308
216182,9854,"apple watch band with case","B07HSSDV4S","Spigen Apple Watch バンド Series 7 45mm / 44mm 一体型 ケース カバー 耐衝撃 PC TPU 二重構造 スポーツバンド 落下 衝撃 吸収 耐久性 傷防止 Series 7 / SE/Series 6 / Series 5 / Series 4 対応 ラギッド・アーマー プロ 062CS25324 (ブラック)","C",0.30401062965393066
139909,5888,"a seperate peace john knowles","B00E8HNKT4","Study Guide for A Separate Peace by John Knowles","C",0.3182458281517029
32223,1143,"1/5 scale","B00D5T4TFK","Savox 0.17/555.5 High Voltage Servo (1/5 Scale)","C",0.2000805288553238
36740,1310,"10 succulent plants without plastic containers","B07FNF1VFQ","Classic Home and Garden Patio Pot Ocean 13"" Honeysuckle, 13 Inch","C",0.23983794450759888
77872,3018,"24 volt electric plug trolling motor","B00K8DADZ6","Attwood 14367-6 Trolling Motor Quick Connect Kit","C",0.26008278131484985
1101190,55679,"jeans dye dark blue","B001JGNPM4","Rit Dye RIT COLORSTAY, 8 fl oz, Dye Fixative","C",0.25953805446624756
842468,42124,"fore stick","B07RQ3SWKY","Certified Refurbished Fire TV Cube, hands-free with Alexa built in, 4K Ultra HD, streaming media player, released 2019","C",0.1821592003107071
177708,7839,"alesis forge drum kit","B0002CZYW0","Alesis SR-16 | Studio-Grade Standalone Drum Machine With On-Board Sound Li-brary, Performance Driven I/O and In-Built Effects 100 patterns","C",0.21751248836517334
2183936,111989,"winsheild","B016NA9V78","Rain-X 5079279-2 Latitude 2-IN-1 Water Repellency Wiper Blade, 22"" (Pack of 1)","C",0.19951188564300537
272338,12742,"ball ball birthday cake","B00II4W51W","Soccer Ball Pick Birthday Candles, 6ct","C",0.2604080140590668
817169,40789,"fiskars axe sharpener","B00EOVRX06","Fiskars 375581-1001 Chopping Axe, 28-Inch , Black","C",0.3096558749675751
1671402,85183,"race car track hot wheels","B074RPD49S","Hot Wheels Track Builder MULTI LOOP BOX","C",0.2578023374080658
1094186,55303,"jack black shave essentials set","B075YWTSRP","Jack Black - Beard Wash, 6 fl oz - PureScience Formula, Aloe & Panthenol, Multifunctional Beard Treatment, Softens Facial Hair, Removes Oil and Dirt, Conditions Facial Hair and Skin","C",0.31077370047569275
761682,37934,"erasable pens","0321036638","Physiology Coloring Book, The","C",0.2205195426940918
71826,2756,"20 amp deepcycle battery","B08C2JN76Q","Renogy 12V 20A AC-to-DC Portable Battery Charger Plug-and-Play with 12AWG Alligator Clips for Lithium-iron Phosphate Batteries","C",0.24964554607868195
42348,1514,"100” curtain rod without center bracket","B010RYA5JE","Kenney Mfg KN870-11 Single Curtain Rod Support","C",0.2814951241016388
46460,1668,"10” dutch oven without legs,","B07DR5GTQD","Lodge 4-in-1 Camp Dutch Oven Tool, 10.82, Black","C",0.24713730812072754
333798,15848,"bill browder book red notice","B07T3VV5NQ","Summary Of RED NOTICE : A True Story of High Finance, Murder, and One Man's Fight for Justice By Bill Browder","C",0.3751135468482971
139913,5888,"a seperate peace john knowles","0791056635","John Knowles's a Separate Peace (Bloom's Modern Critical Interpretations)","C",0.21162211894989014
159787,6915,"adult coloring book and pen set","1680223186","Color & Frame - In the Forest (Adult Coloring Book)","C",0.2963547706604004
1708567,87116,"replacement plastic floor for metal kennel","B000QFT1R2","Dog Crate 1536DDU MidWest ICrate 36 Inches Double Door Folding Metal Dog Crate w/ Divider Panel, Floor Protecting Feet & Leak Proof Dog Tray Intermediate Dog Breed, Black","C",0.2788536250591278
842475,42124,"fore stick","B078KSHVCS","Mission Cables MC45 - Cable USB de corriente para el Amazon Fire TV, color negro","C",0.18645179271697998
166641,7274,"air cone filter kit","B07P7XXGW1","K&N Air Filter Cleaning Kit: Squeeze Bottle Filter Cleaner and Black Oil Kit; Restores Engine Air Filter Performance; Service Kit-99-5050BK","C",0.2957139015197754
125713,5220,"7th gen fire","B07RR6HQKX","Amazon Fire HD 10 Tablet Case, Twilight Blue","C",0.22464269399642944
669155,33227,"digital camera with micro sd slot","B07FCR3316","SanDisk 256GB Extreme microSDXC UHS-I Memory Card with Adapter - Up to 160MB/s, C10, U3, V30, 4K, A2, Micro SD - SDSQXA1-256G-GN6MA","C",0.2839294970035553
578511,28577,"contacts lenses","B004O2A29E","Clear Care Cleaning & Disinfecting Solution with Lens Case, Twin Pack, 12 Fl Oz","C",0.223783940076828
162321,7050,"aeropress","B006CQ1ZHI","DEATH WISH COFFEE Ground Coffee Dark Roast [16 oz.] The World's Strongest Coffee - Organic, Fair Trade, Strong Coffee Grounds from Arabica, Robusta (1-Pack)","C",0.24658283591270447
1565563,79706,"piano","1476814767","100 of the Most Beautiful Piano Solos Ever","C",0.29045912623405457
280256,13143,"barbie 4 wheel","B01IL0XM3W","Replacement Battery for Fisher-Price Power Wheels 12-Volt Battery","C",0.15771739184856415
16258,579,"08 wrangler jk without hitch","B001GN29LI","CURT 55124 Vehicle-Side Custom 4-Pin Trailer Wiring Harness, Fits Select Jeep Wrangler JK","C",0.1991097778081894
153232,6565,"add 12v power truck bed","B0747NTDJW","Mophorn Hydraulic Pump 12 Quart Hydraulic Power Unit Single Acting Hydraulic Power Unit with Steel Reservoir for Dump Trailer Truck Car Lift Unit 12V DC (Steel, 12 Quart Single Acting)","C",0.26491841673851013
291013,13673,"bathing suit girl with shorts","B07F1J71PK","City Threads Girls' Swimming Suit Bottom Board Short Swim Athletic Shorts Beach Pool Camp Running Sports Wicking Fast Dry, Turquoise, 2T","C",0.27361589670181274
1154501,58479,"kit homes prefabricated","B06XRTBJHK","ARROW 6' x 5' EZEE Galvanized Steel Low Gable Shed Charcoal, Storage Shed with Peak Style Roof","C",0.28092071413993835
328341,15583,"big bang theory season 12 dvd","B00T5D4R1Q","Big Bang Theory: Season 8","C",0.3775310218334198
1247930,63286,"logitech autopilot panel","B00Z0UWWYC","Logitech G29 Driving Force Feedback Racing Wheel ドライビングフォース ロジテック レーシングホイール 輸入品","C",0.2756546139717102
432794,21006,"c-pap","B00H27NBDM","NO CPAP NEEDED: CPAP Alternative Sleep Apnea Cure","C",0.24588799476623535
270757,12655,"baking pans 10x15","B0017Z20V4","Fat Daddio's Sheet Cake Pan, 10 x 15 x 3 Inch, Silver","C",0.24973659217357635
284609,13355,"base plate","B00KLE8034","Toto THU9492 Washlet S300/350E Baseplate Assembly","C",0.24981021881103516
354987,16994,"blacksmithing","B005DE8HUS","Picard Hammer - Blacksmiths' Tong (0004930-300)","C",0.25312259793281555
135979,5709,"I would get a Windows laptop that could support online gaming. Full keyboard with num pad and a large monitor.","B016MAK38U","Redragon K552 Mechanical Gaming Keyboard 87 Keys 60% Small TKL Mechanical Computer Keyboard KUMARA USB Wired Cherry MX Blue Equivalent Switches for Windows PC Gamers (Black Red LED Backlit)","C",0.2973593771457672
161610,7016,"adventure time costume baby","B00IU8NNBC","Adventure Time 12"" Plush: BMO","C",0.3053281903266907
159790,6915,"adult coloring book and pen set","0692927999","I Am Confident, Brave & Beautiful: A Coloring Book for Girls","C",0.25047340989112854
2144570,109866,"water","B01FXN3E74","Brita Standard Everyday Water Filter Pitcher, White, Large 10 Cup, 1 Count","C",0.25775444507598877
519611,25513,"chikko not coffee","B07ZHNDYDY","CHEFMAN Single Serve One Cup Coffee Maker, up to 14 Oz, InstaCoffee Brews in 30 Seconds, Compatible with K Cup Pods, Grounds & Loose-Leaf Tea, Reusable Filter, Black/Stainless Steel (Mug Not Included)","C",0.25835421681404114
279225,13094,"bar style dartboard","B00PAT5HXQ","Viper Dart Caddy Solid Wood Wall Mounted Dart Holder / Stand, Displays 4 Sets of Steel or Soft Tip Darts, for all Sisal & Electronic Dartboards, Surrounds & Cabinets, Mahogany Finish","C",0.24106188118457794
24447,862,"1 plas 7 pro","B07D998212","SanDisk SSD PLUS 1TB Internal SSD - SATA III 6 Gb/s, 2.5""/7mm, Up to 535 MB/s - SDSSDA-1T00-G26","C",0.1898232400417328
1883428,96279,"sorting hat","B077QSHBXZ","Alex and Ani Harry Potter Sorting Hat Bracelet","C",0.1954401582479477
1149053,58204,"kindle fire","B013TMNPBQ","Made for Amazon SanDisk 128GB microSD Memory Card for Fire Tablets and Fire -TV","C",0.19113731384277344
1241272,62930,"little dutch","B07DR5GTQD","Lodge 4-in-1 Camp Dutch Oven Tool, 10.82, Black","C",0.18617777526378632
1308950,66395,"matrix biolage shine renewal","B00IW2AU3A","BIOLAGE Volumebloom Conditioner | Weightless Moisture For Long-Lasting Voluminous Hair | For Fine Hair | Paraben & Silicone-Free | Vegan ​","C",0.28467482328414917
2096198,107416,"usb-c cable","B00VU2NHVG","Apple MJ1L2AM/A USB-C VGA Multiport Adapter","C",0.2964065670967102
1437136,73031,"neutrogena microdermabrasion","B00NR1YQHM","Neutrogena Hydro Boost Hyaluronic Acid Hydrating Water Gel Daily Face Moisturizer for Dry Skin, Oil-Free, Non-Comedogenic Face Lotion","C",0.3213516175746918
1697931,86567,"redi whip cream","B000VDSTV8","McCormick All Natural Pure Vanilla Extract, 1 fl oz","C",0.2244405299425125
334920,15909,"binder stickers","B017HA44DY","AVERY Margin Ultra Tabs, 2.5"" x 1"", 2-Side Writable, Assorted Pastel Color, 24 Repositionable Tabs (74769)","C",0.24917306005954742
1920101,98262,"stone oven repair kit","B01MQW8AEM","Gorilla 8050002 10 Ounce Cartridge Clear Silicone Sealant, 1-Pack","C",0.26516884565353394
219892,10040,"aquarium light","B01LY8WSKY","GloFish Color Changing Aquarium Plant, Blue Large, Aquarium Décor, Changes Color Under Blue And Black LEDs, Cycle Light Décor","C",0.2407023012638092
206086,9359,"ansungtangmyun","B013HB0CC4","Chung Jung One O'Food Medium Hot Pepper Paste Gold (Gochujang), Chili Paste, Korean Traditional Sunchang Brown Rice Red Pepper Paste, No Corn Syrup 1.1lb, Medium Hot (500g)","C",0.2731626033782959
2068447,105944,"tv risers for flat screens","B077MJZ6ZG","PERLESMITH Universal TV Stand - Table Top TV Stand for 37-55 inch LCD LED TVs - Height Adjustable TV Base Stand with Tempered Glass Base & Wire Management, VESA 400x400mm","C",0.27539247274398804
5538,184,"(thermos funtainer without the handle on the lid) - 2 pack","B078G7PLNS","Seattle Sports Mug-It! Adjustable Universal Mug Handle Adapter for Water Bottles, Tumblers, Pint, or Jug","C",0.23110824823379517
36727,1310,"10 succulent plants without plastic containers","B002IMHK2E","The HC Companies GAB12000E35C012LRTOP Garden Bowl Planter, 12"", Terra Cotta","C",0.24391436576843262
1070319,54092,"iphone 11 pro max phone","B07FP41MC5","Trianium (3 Packs) Screen Protector Designed for Apple iPhone 11 Pro Max, iPhone XS Max (6.5"" 2018) Premium HD Clarity 0.25mm Tempered Glass Screen Protector Easy Installation Alignment Case (3-Pack)","C",0.2531605362892151
101528,4074,"4 inch pvc pipe","B00HXHAE2W","NDS DWV/SCH40 X S&D Hub PVC Adapter, 4 in, 4 Inch","C",0.28894221782684326
842475,42124,"fore stick","B078KSHVCS","Made for Amazon, USB Power Cable (Eliminates the Need for AC Adapter)","C",0.18645179271697998
1920099,98262,"stone oven repair kit","B000UEYZ4S","Rutland Products Fire Brick, 6 count, Pack of 1","C",0.29754897952079773
2144576,109866,"water","B0023UL86A","Prodyne Fruit Infusion Flavor Pitcher, 2.9 qt clear, 93 oz","C",0.22991229593753815
293807,13824,"bathtub with air jets","B0721R63Q8","Electric Bathtub Bubble Massage Mat - Waterproof Tub Massaging Spa, Full Body Bubbling Bath Thermal Massager Machine w/ Heat, Motorized Air Pump, Aroma Clip for Oil - SereneLife PHSPAMT24HT","C",0.23661018908023834
12487,427,"0.25 cotton thread for beads without wax","B006DRFACW","SuppleMax Illusion Beading Cord, 0.30 mm / .012 in, Clear Monofilament, 50 m / 164 ft","C",0.23284202814102173
286727,13463,"baskets for gifts","B07W963GSJ","Rotary Scissors Cutting Tool by Slice, Bladeless Scissors, 10598 Ambidextrous Cutter Ideal for Cutting Gift Wrap, Gift Basket Cellophane, Paper 1 Pack","C",0.1994120329618454
2041902,104579,"toyota camry le 09 monroe shocks front","B000C3ZDY8","KYB SB102 - Strut Boot","C",0.25036510825157166
1896688,96996,"sport king seat covers for trucks","B07Q2SX3MR","Dreamer Car Seat Cushion for Car Seat Driver to Improve Driving View - Memory Foam Wedge Shape Car Pillow for Driving Seat to Promote Healthy Driving Posture (Black)","C",0.30213797092437744
71845,2756,"20 amp deepcycle battery","B07Q5VYPCF","Renogy 12V 20A DC to DC On-Board Battery Charger for Flooded, Gel, AGM, and Lithium, Using Multi-Stage Charging in RVs, Commercial Vehicles, Boats, Yachts, 20A","C",0.2878499925136566
1034211,52208,"hybrid youth bike","B00012M5MS","Schwinn Thrasher Bike Helmet, Lightweight Microshell Design, Adult, Carbon","C",0.24384936690330505
1308953,66395,"matrix biolage shine renewal","B00DG0AXKI","BIOLAGE Advanced Fiberstrong Conditioner | Detangles & Reinforces Hair Strength, Moisture & Elasticity | For Fragile, Damaged Hair | 33.8 Fl. Oz.","C",0.33093202114105225
16729,598,"0rganic potting without fertelizer for roses","B002Y08J2A","Espoma AP16 16-Quart Organic Potting Mix","C",0.34150436520576477
182922,8122,"all superhero lego sets","B0858MYF21","LEGO DC Batboat The Penguin Pursuit! 76158 Top Batman Building Toy for Kids, with Super-Hero Minifigures, 2 Boats, a Batarang and an Umbrella, Great Holiday or Birthday Gift (54 Pieces)","C",0.3319690525531769
470000,22936,"carbohydrate powder","B0015R36SK","Optimum Nutrition Serious Mass Proteina en Polvo, Mass Gainer Alto en Proteína, con Vitaminas, Creatina y Glutamina, Chocolate, 8 Porciones, 2,73kg, Embalaje Puede Variar","C",0.23920725286006927
214315,9763,"apple pencil 2","B07RQ5PS3N","Replacement Tips Compatible with Apple Pencil 2 Gen iPad Pro Pencil - Apple Pencil iPencil Nib for iPad Apple Pencil 1 st/Pencil 2 Gen White 2 Pack","C",0.2720341980457306
20071,705,"1 contacts not more than three dollars","B005JRB9TU","Opti-Free Puremoist Multi-Purpose Disinfecting Solution with Lens Case, (Packaging may vary), 2 Fl Oz (Pack of 1)","C",0.24744181334972382
1094199,55303,"jack black shave essentials set","B000J5A2K4","Jack Black Pit Boss Antiperspirant & Deodorant , 2.75 ounce","C",0.30503371357917786
337406,16043,"bird light bulbs","B00GRFZ2SM","Newhouse Lighting WLG1B Ca Metal Guard for Ceiling Fan, Pendant String Light and Vintage Lamp Shades/Cover, Industrial Wire Fixture Iron Bird Cage, 1 Count (Pack of 1), Black","C",0.2890748083591461
255536,11835,"baby bullet","B00700C94S","Magic Bullet BBSK-0801 Baby Bullet - Storage Kit (with To Go Tube & Lid), 8.3 x 3.9 x 8.1 inches, Green","C",0.2123146653175354
2099012,107558,"utv flag","B0033YS6UQ","Tusk Quick Release Flag Pole Holder 1/4"" Pole Black","C",0.16592273116111755
1440812,73232,"newborn hospital essentials","B003AM93BW","Aveeno Baby Essential Daily Care Baby & Mommy Gift Set Featuring a Variety of Skin Care and Bath Products to Nourish Baby and Pamper Mom, Baby Gift for New and Expecting Moms, 7 Items","C",0.24308082461357117
191057,8557,"amazon fire tablet charger cord","B01J2G4VBG","Amazon 5W USB Official OEM Charger and Power Adapter for Fire Tablets and Kindle eReaders - Black","C",0.30350229144096375
102191,4103,"4 pin lavalier microphone sure","B003D2YRLA","In Ear Back Electric Microphone - Portable Omnidirectional Wired Headset Pro Voice Audio Condenser Mic with 4 Pin Mini XLR Cable Wire and Windscreen - For Shure System - Pyle Pro PMEMS10 (Skin Tone)","C",0.3027733564376831
669167,33227,"digital camera with micro sd slot","B0143IIP4W","SanDisk Ultra 64GB Class 10 SDXC UHS-I Memory Card up to 80MB/s (SDSDUNC-064G-GN6IN)","C",0.27862057089805603
1112383,56274,"joola ping pong table","B07Q2M8N1H","JOOLA Blizzard & Blackout - Competition Ping Pong Paddle Set - Includes 2 Table Tennis Rackets, 5 Ping Pong Balls, and Storage Box - Indoor and Outdoor Compatible","C",0.22755588591098785
26410,933,"1'' oil hose","B00HTV2OPM","EZ-108 RH Oil Drain Valve with removable Hose End Combo","C",0.2578352093696594
669163,33227,"digital camera with micro sd slot","B06XWN9Q99","SAMSUNG (MB-ME32GA/AM) 32GB 95MB/s (U1) microSDHC EVO Select Memory Card with Full-Size Adapter","C",0.23397675156593323
328340,15583,"big bang theory season 12 dvd","B000W91RUG","The Big Bang Theory: Season 1","C",0.35744571685791016
42322,1514,"100” curtain rod without center bracket","B07C2H5SPZ","Decopolitan Ball Single Telescoping Drapery Rod Set, Long, Silver, 72 to 144-Inch","C",0.27614015340805054
171807,7538,"airpods 2","B082BLZD31","SUPCASE Unicorn Beetle Pro Series Case Designed for Airpods 1 & 2, Full-Body Rugged Protective Case with Carabiner for Apple Airpods 1st & 2nd (DarkGreen)","C",0.21750548481941223
2078523,106460,"ultra low temp glue gun","B00OBC4CU2","AdTech 220-345-5 Hot Glue Sticks 4 Inch Mini Size, Net Weight - 5 lbs , White","C",0.21374811232089996
931274,46801,"gopro strap mount","B01171X0UW","Neewer 50-In-1 Action Camera Accessory Kit, Compatible with GoPro Hero10/Hero9/Hero8/Hero7, GoPro Max, GoPro Fusion, Insta360, DJI Osmo Action/Action 2, AKASO, APEMAN, Campark, SJCAM","C",0.2558537423610687
344966,16447,"black cube storage","B01NH9QVT0","DII Hard Sided Collapsible Fabric Storage Container for Nursery, Offices, & Home Organization, (13x13x13"") - Solid Black","C",0.3335595428943634
1013737,51128,"honest beauty fundation fairest color","B07F4614F4","Honest Beauty Organic Beauty Facial Oil with Avocado + Apricot + Jojoba Oil | Dermatologist Tested + Hypoallergenic & Vegan + Cruelty free| 1 fl. oz.","C",0.28316760063171387
895021,44873,"generator with automatic transfer switch","B007HS0ONG","Elkhart (LPT50BRD 50 Amp Automatic Transfer Switch","C",0.2790689170360565
1072934,54233,"iphone 7 charger for broken charging","B01F9RH5M4","Amazon Basics Nylon Braided Lightning to USB A Cable, MFi Certified Apple iPhone Charger, Rose Gold, 6-Foot","C",0.27837884426116943
1810161,92444,"sheets of thin plastic for cricut","B00MFTLNU0","Scotch Thermal Laminating Pouches, 5 Mil Thick for Extra Protection, 100-Pack, 8.9 x 11.4 inches, Letter Size Sheets, Clear (TP5854-100)","C",0.24099132418632507
1751047,89299,"rv black water hose","B000BUU5WW","Camco 20 Ft (43051) Sidewinder RV Sewer Hose Support, Made From Sturdy Lightweight Plastic, Won't Creep Closed, Holds Hoses in Place - No Need for Straps","C",0.2848628759384155
472652,23075,"cardstock color printer","B07Q2WYFRZ","Astrobrights Mega Collection, Colored Paper,""Joyful"" 5-Color Assortment, 625 Sheets, 24 lb/89 gsm, 8.5"" x 11"" - MORE SHEETS! (91624)","C",0.22204190492630005
47705,1716,"11 x 24 x 60 kitchen shelving unit white without wheels","B07GT27XDJ","VASAGLE Bathroom Shelf, 5-Tier DIY Storage Rack, Industrial Style Extendable Plant Stand with Adjustable Shelf, for Living Room, Bathroom, Balcony, Kitchen, Rustic Look UBSC25BX","C",0.3079124689102173
1184387,59987,"large art supply box for kids","B06XW16JWR","Crayola All That Glitters Art Case Coloring Set, Toys, Gift for Kids Age 5+, Pink","C",0.30845433473587036
354994,16994,"blacksmithing","B005DDSXJE","Picard Hammer - Blacksmiths' Tong, flat nosed (0004700-300)","C",0.2322111576795578
1853978,94762,"small instruments","B081T2XV68","Amazon Basics 1/4 Inch Tweed Cloth Jacket Right-Angle Instrument Cable - 10 Foot (Black & Gray)","C",0.22724443674087524
586612,29001,"cord for switch to tv","B00A128S24","TP-Link TL-SG105 | 5 Port Gigabit Unmanaged Ethernet Network Switch, Ethernet Splitter | Plug & Play | Fanless Metal Design | Shielded Ports | Traffic Optimization | Limited Lifetime Protection","C",0.25153598189353943
1992823,101981,"the first years bottle","B00005BXKM","The First Years 2-in-1 Simple Serve Bottle Warmer | Quickly Warm Bottles of Breastmilk or Formula | Sanitize Pacifiers | Compact Design | Holds Wide Narrow and Angled Bottles","C",0.22351568937301636
2173147,111413,"whiteboard hooks hang","B073XS3CHW","Command Small Picture Hanging Strips, 18-Pairs (36-Strips), Decorate Damage-Free, Easy to Open Packaging","C",0.24013002216815948
2173147,111413,"whiteboard hooks hang","B073XS3CHW","3M コマンド ファスナー キレイにはがせる 掲示用タブ フレーム パック Sサイズ 白 4組耐荷重1.8kg 18組 PH202-18NA","C",0.24013002216815948
160846,6976,"adult toy","1541146921","You Are Fucking Awesome: A Motivating Swear Word Coloring Book for Adults","I",0.19987137615680695
204065,9245,"anjou coconut oil","B005V4ZLNG","Plant Therapy Clary Sage Essential Oil 100% Pure, Undiluted, Natural Aromatherapy, Therapeutic Grade 10 mL (1/3 oz)","I",0.17042307555675507
14829,512,"04 f150 black beadlight without amber","B01I9XVAB2","DNA Motoring HL-OH-F1504-CH-AM Chrome Amber Headlights Replacement Compatible with 04-08 F-150/06-08 Mark LT","I",0.27478379011154175
135969,5709,"I would get a Windows laptop that could support online gaming. Full keyboard with num pad and a large monitor.","B07SXMZLPK","AMD Ryzen 7 3700X with Wraith Prism cooler 3.6GHz 8コア / 16スレッド 36MB 65W【国内正規代理店品】 100-100000071BOX","I",0.21211464703083038
45271,1623,"10x 7 x 2decorative pastry boxes 10x7x2 without window","B004TW8930","Decor Grates ADH410-NKL Floor Register, 4x10, Brushed Nickel","I",0.24419978260993958
133895,5628,"A standard laptop running on windows. It has good sound and graphics","B086MBQKH2","Acer Chromebook Spin 311 Convertible Laptop, Intel Celeron N4020, 11.6"" HD Touch, 4GB LPDDR4, 32GB eMMC, Gigabit Wi-Fi 5, Bluetooth 5.0, Google Chrome, CP311-2H-C679","I",0.24138695001602173
1439712,73175,"new thriller series","B07FRX55RK","Rosario + Vampire: The Complete Series [Blu-ray]","I",0.22153756022453308
114109,4661,"50 ways to soothe yourself without food","B0894Q5NZV","Communication Skills Training: How to Talk to Anyone, Connect Effortlessly, Develop Charisma, and Become a People Person","I",0.17814390361309052
24560,866,"1 port coax 1 port cat5e without wall plate","B0034XRLGQ","Legrand - On-Q WP3401WH Single Gang, 1 Port Keystone Wall Plate, White","I",0.29531121253967285
1947356,99705,"sweaters with rappers on them","B003H9LGL8","Men's Sterling Silver Crucifix Pendant Necklace with Stainless Steel Chain, 24""","I",0.13470731675624847
15555,551,"06 town and country ac compressor","B00JBKJKDI","UAC Universal Air Conditioner CO 29001C A/C Compressor and Clutch, GREY","I",0.26163896918296814
341844,16280,"black and gold warm ups","B071KHZZPW","adidas Men’s Core18 Training Pants, Black/White, Medium","I",0.24344974756240845
1662185,84713,"puzzle kit for kids to paint on it","B07L11KNHW","Plugo Count by PlayShifu - Math Games with Stories for 4-10 Years - STEM Toys with Sequences, Comparison, Addition, Subtraction, Multiplication (App-Based)","I",0.3251730799674988
42294,1513,"100’ air hose retractable reel without hose","B08B5XG8DB","Giraffe Retractable Garden Hose Reel 1/2"" 100ft with 9 Pattern Hose Nozzle, Wall Mounted Water Hose Reel Automatic Rewind with Any Length Lock and 180° Swivel Bracket","I",0.28370776772499084
1885572,96401,"sp 41","B00AN89RQM","Maxpower 561714B Mower Blades, yellow","I",0.21150484681129456
27377,961,"1-year old toys","B07BPZNM9G","LeapFrog Scout and Violet 100 Words Book (Amazon Exclusive), Purple","I",0.2811514735221863
174235,7663,"ajenjo herb","B00F1J791S","Gaia Herbs Eleuthero Root, Vegan Liquid Capsules, 60 Count, Healthy Energy and Stamina, Mental Endurance, Metabolic Efficiency and Stress Resistance, Siberian Ginseng 554mg","I",0.24164943397045135
347173,16568,"black heels 80’s heels","B0000ASD62","Reebok Women's Freestyle Hi Walking Shoe, Black, 9","I",0.24921263754367828
10242,348,".40 cal suppressor oil filter not as it seems","B001O4GRY4","Baldwin Filters Oil Filter, Spin-On, Full-Flow, Red","I",0.23708902299404144
1108240,56046,"jms580","B07SQZYW2V","CORSAIR M.2 SSD Force MP600シリーズ 1TB CSSD-F1000GBMP600 HD2593","I",0.23920314013957977
5030,165,"(8 pck, one without packaging ) umbra single","B00JM5GW10","Play-Doh Modeling Compound 10-Pack Case of Colors, Non-Toxic, Assorted, 2 oz. Cans, Ages 2 and up, Multicolor (Amazon Exclusive)","I",0.2181926816701889
81526,3190,"2b or not 2b","B07DRXBGXR","Got2b Ultra Glued Invincible Styling Hair Gel, 6 Ounce (Pack of 3)","I",0.21178297698497772
1795779,91704,"senhizer wireless mic","B00HVLUR86","audio-technica プロフェッショナルモニターヘッドホン ATH-M50x ブラック スタジオレコーディング / ミキシング / DJ /トラックメイキング","I",0.2639444172382355
19789,695,"1 carry-on bag not exceeding 22 x 16 x 10 in","B001AS81U2","Excedrin Extra Strength Pain Reliever, 24-ct","I",0.19893939793109894
1395842,70920,"motorcycle clubs are not street gangs","B0858TS47Q","LEGO Technic Ducati Panigale V4 R 42107 Motorcycle Toy Building Kit, Build A Model Motorcycle, Featuring Gearbox and Suspension (646 Pieces),","I",0.24074754118919373
1444045,73410,"night stand single","B01IU6RJYA","Linenspa 8 Inch Memory Foam and Innerspring Hybrid Medium-Firm Mattress-Twin Mattress","I",0.2201443612575531
311234,14735,"behritone","B07N28P3W9","Squier by Fender Classic Vibe Bass VI - Laurel - Black","I",0.2396937906742096
183030,8126,"all the colors of the dark blu ray","B0774D6HBB","The Dark Knight Trilogy [Blu-ray]","I",0.2931773364543915
117084,4803,"5x plus size pants","B010CZE87I","Just My Size Women's Plus-Size EcoSmart Sweatpants, Ebony, 4XL","I",0.2992769479751587
6921,229,"+women red shoes without lacies","B07PL1YTQ7","New Balance Women's 411 V1 Walking Shoe, White/White, 11","I",0.22141891717910767
885475,44369,"garbage compactor","B00VI78YXE","Rev-A-Shelf 53WC-2150SCDM-217 Double 50-Quart Undermount Kitchen Cabinet Pullout Waste Containers with Soft Close, Silver","I",0.25997599959373474
1277348,64761,"mag 4 bolt cleaning tool","B01M0F4NFO","GLORYFIRE Universal Gun Cleaning Kit Hunting Handgun Shot Gun Cleaning Kit for All Guns with Case Travel Size Portable Metal Brushes","I",0.2727840840816498
1846571,94363,"slide for bed without bed","B0788TG3SJ","Zinus Judy Upholstered Platform Bed Frame / Mattress Foundation / Wood Slat Support / No Box Spring Needed / Easy Assembly, Queen,Grey","I",0.2612994611263275
936084,47050,"grandma's poison ivy and oak soap","B074ZGHFRM","Cetaphil Bar Soap, Deep Cleansing Face and Body Bar, Pack of 3, For Dry to Normal, Sensitive Skin, Soap Free, Hypoallergenic, Paraben Free, Fragrance Free, Removes Makeup, Dirt and Oil","I",0.15844178199768066
29963,1058,"1/2 in air hose reel 100 ft retractable without hose","B004DEA3HY","PENTAGON TOOLS - 3260 REEL KWIK 100 AIR REEL 3260 Pentagon Tools 3/8 300PSI Heavy Duty Retractable 100 Foot Air Hose & Reel Professional Grade","I",0.3099021017551422
1960170,100320,"taco vs burrito","B07K5BD5F4","Joking Hazard by Cyanide & Happiness - a funny comic building party game for 3-10 players, great for game night","I",0.1952107548713684
203117,9194,"animal print zip binder","B005JW6G2U","Avery 75308 Small Binder Pockets, Fold-Out, 5 1/2 x 9 1/4, Assorted (Pack of 3)","I",0.2535570561885834
2212,72,"$100 things that are not electronics","B007XVYPS2","VTech Spin and Learn Color Flashlight, Yellow","I",0.24400395154953003
1712171,87308,"retractable portable","B07ZNT29ZF","Powlaken Watch Charger, Magnetic Charging Cable Cord Compatible with Apple Watch Series Se, 6, 5, 4, 3, 2, 1","I",0.26466843485832214
1611393,82080,"pontiac solstice interioir door handle","B000J1HDWI","BOSS Audio Systems CH6520 Car Speakers - 250 Watts of Power Per Pair, 125 Watts Each, 6.5 Inch, Full Range, 2 Way, Sold in Pairs, Black","I",0.2097844034433365
2085535,106839,"unicorn tails book","B0084JUNVU","Crayola Light Up Tracing Pad Pink, Gifts for Girls & Boys, Age 6, 7, 8, 9","I",0.2555837333202362
81525,3190,"2b or not 2b","B07CTSS14R","OGX Coffee Scrub and Wash, Coconut 19.5 Fl Oz","I",0.19298075139522552
1066483,53893,"ipad pencil 1st generation","B07XL7G4HH","Apple iPad (10.2-inch, Wi-Fi, 32GB) - Silver (Previous Model)","I",0.2575397491455078
25062,884,"1 step motorhome cleaner without washing","B07F6N3RT6","BISSELL 2252 CleanView Swivel Upright Bagless Vacuum Carpet Cleaner, Green Pet","I",0.27189183235168457
144176,6087,"above ground slide for pool","B0777W9N81","Intex - 42"" Pool Ladder","I",0.21645690500736237
20079,705,"1 contacts not more than three dollars","B00BCXRUFC","Glade Solid Air Freshener, Deodorizer for Home and Bathroom, Lavender & Peach Blossom, 6 Oz, Pack of 1","I",0.20531892776489258
32737,1162,"10 and 8 yr old. make up without the nieal plush","B074RCV4HQ","Mattel Games Juego de cartas UNO Minecraft, juego de mesa para niños + 7 años (Mattel FPD61)","I",0.21007637679576874
1267561,64286,"lung compressor","B004NDFRVC","dbx 266xs Professional Audio Compressor/Gate Dynamic Processor","I",0.2197602242231369
1424827,72384,"natural vitamins for anxiety","B07R8GD47V","Apple Cider Vinegar Gummy Vitamins by Goli Nutrition - Immunity & Detox - (1 Pack, 60 Count, with The Mother, Gluten-Free, Vegan, Vitamin B9, B12, Beetroot, Pomegranate)","I",0.24547405540943146
276282,12942,"band tshirt dress","B01JZ4KFTM","SheIn Women's Summer Short Sleeve Loose Casual Tee T-Shirt Black Medium","I",0.2676619291305542
2216,72,"$100 things that are not electronics","B01B8R6V2E","Amazon Basics 100 Pack AAA High-Performance Alkaline Batteries, 10-Year Shelf Life, Easy to Open Value Pack","I",0.24779416620731354
16758,599,"0rgans only not piano for sale","B07FDL3NGT","RockJam 61 Portable Electronic Keyboard with Key Note Stickers, Power Supply and Simply Piano App Content, Compact (RJ361)","I",0.29383793473243713
1241390,62937,"little girl book","0062422502","Dear Girl,: A Celebration of Wonderful, Smart, Beautiful You!","I",0.2857731580734253
885483,44369,"garbage compactor","B073PNQDPM","SensorCan 13 Gallon Battery-FREE Automatic Sensor Kitchen Trash Can with Power Adapter, Oval Shape Stainless Steel Garbage Bin with AC Plug","I",0.24492454528808594
314573,14910,"benchmade pocket knife replacement screws","B01B7MPG6W","Kershaw TX-Tool (TXTOOL); 4.8 in. Single-Position Multifunction Magnetic Bit Driver; Includes T-6, T-8, T-10, 2 Phillips and Slotted Screwdriver Bit; 1.1 oz, Black","I",0.23047234117984772
1639116,83522,"probably something that has a good amd ryzen processor in it with metal build quality and a nice va panel screen  ","B07SXMZLP9","AMD Procesador RYZEN9 3900x Socket AM4","I",0.30423587560653687
211051,9601,"apollo the race to the moon","1557539693","A Reluctant Icon: Letters to Neil Armstrong (Purdue Studies in Aeronautics and Astronautics)","I",0.21064528822898865
640047,31746,"day cream with spf 30 anti aging","B00HNSSPDG","Neutrogena Triple Age Repair Night Cream (Noche Cuidado Antienvejecimiento) Estados Unidos","I",0.2833762764930725
248071,11461,"avent natural bottle caps","B07CL24B4G","Philips Avent Natural Baby Bottle, Clear, 11oz, 4pk, SCF016/47","I",0.3018743395805359
139733,5879,"a plus","B07MY4KWFP","Seagate Backup Plus Slim 2TB External Hard Drive Portable HDD – Silver USB 3.0 For PC Laptop And Mac, 1 year Mylio Create, 2 Months Adobe CC Photography (STHN2000401)","I",0.2079589068889618
136290,5722,"I would want a light weight protable laptop with a graphics card and alot of memory","B07SXMZLPK","AMD Ryzen 7 3700X with Wraith Prism cooler 3.6GHz 8コア / 16スレッド 36MB 65W【国内正規代理店品】 100-100000071BOX","I",0.26932793855667114
49301,1770,"11inch trunks without liner","B07856YYZG","Goodthreads Men's 7"" Inseam Swim Trunk, Aquifer, Large","I",0.2596561014652252
237872,10942,"athletic greens powder","B00K6JUG4K","Vital Proteins Collagen Peptides Powder - Pasture Raised, Grass Fed, unflavored 20 oz","I",0.28767117857933044
1012799,51075,"hommie smart watch","B01N1UX8RW","Bascula de Baño Digital Grasa Corporal, RENPHO Balanza Bluetooth Inteligente con App, Bascula Electrónica Analógica Monitores con Análisis Corporal, 13 Mediciónes de Peso IMC Visceral e Muscular","I",0.24483616650104523
1885565,96401,"sp 41","B0786QNS9B","Crucial MX500 500GB 3D NAND SATA 2.5 Inch Internal SSD, up to 560MB/s - CT500MX500SSD1","I",0.22781725227832794
251776,11648,"b07hg8b419 kids","B07H8WS1FT","Fire 7 Kids tablet, 7"" Display, ages 3-7, 16 GB, Blue Kid-Proof Case","I",0.24065850675106049
160792,6974,"adult thomas the train shirt","B0002M4S4A","Dickies Hickory Striped Bib Overalls, Hickory Stripe, 36x32","I",0.2673303782939911
738324,36751,"educated book tara westover","0425284700","Before We Were Yours: A Novel","I",0.2703697979450226
1135,34,"#4 pads without wings","B0014GXBTG","Seventh Generation Ultrathin Pads, Regular with wings, Free & Clear, 18 count","I",0.17805731296539307
29432,1039,"1/16th scale gravity wagon without tractor","B00Q5IBHLC","Bruder John Deere 7930 1:16 Scale Double Wheeled Tractor, Ages 4+","I",0.25091904401779175
733870,36529,"eat veggies not friends","045149699X","Dining In: Highly Cookable Recipes: A Cookbook","I",0.21202488243579865
221612,10125,"arcade console fitting","B001UW9Z6M","Arcade Zone - Nintendo Wii","I",0.29738524556159973
1847351,94406,"slim diaper changing pad","B077D3JKVR","Baby Wipes, Pampers Aqua Pure Sensitive Water Baby Diaper Wipes, Hypoallergenic and Unscented, 6X Pop-Top Travel Packs, 336 Count (Packaging May Vary)","I",0.2372472882270813
2184718,112030,"winter placemats black and white plaid reversible","B00J3U6002","Eddie Bauer - 200404 Fairview Collection 100% Cotton Reversible & Light-Weight Quilt Bedspread with Matching Shams, 3-Piece Bedding Set, Pre-Washed for Extra Comfort, Full/Queen, Grey","I",0.27486932277679443
872211,43693,"futuro back support for men","B00CREYMW4","Futuro - 70005121614 FUTURO Deluxe Thumb Stabilizer, Small/Medium Black","I",0.3038153350353241
257171,11924,"baby fisher price cat","B07DK6QJMM","Fisher-Price Taco Tuesday Gift Set","I",0.18284393846988678
792929,39509,"family costumes","B00TO6E0T8","Rubies Disfraz hinchable T-Rex, Talla única (Rubie's Spain 810481)","I",0.22839440405368805
2043116,104637,"toys for 8 year old boy educations","0763622281","Encyclopedia Prehistorica Dinosaurs : The Definitive Pop-Up","I",0.23580026626586914
2144085,109846,"watch the game not your phone tshirt","B01M4S54JJ","That's What She Said Game - The Hilariously Twisted Party Game Adults Only","I",0.21561460196971893
1247499,63264,"loft bed without desk","B073WRF565","Amazon Basics Foldable, 14"" Black Metal Platform Bed Frame with Tool-Free Assembly, No Box Spring Needed - Full","I",0.281790167093277
632222,31330,"dadorlian shirt","B07YQHQC9G","Star Wars The Mandalorian IG-11 Battle Ready T-Shirt","I",0.27732154726982117
2207137,113243,"womens shooting gear","B0131S86O4","SOG Specialty Knives & Tools SOG Ninja Tactical Daypack Backpack, Desert Clay, One Size","I",0.2460872232913971
1783690,91066,"scotch lip balm","B07BV5LT27","Bissell Professional Pet Urine Elimator with Oxy and Febreze Carpet Cleaner Shampoo 48 Ounce","I",0.173567533493042
213201,9701,"apple homepod","B016NY7784","Apple Pencil (1.ª Generación)","I",0.2548477053642273
3061,100,"$5 items","B00O869QUC","Amazonベーシック 乾電池 単4形 アルカリ 8個セット","I",0.209416002035141
1288757,65351,"man cave","B00ZAGVD1O","Ottomanson Hundred Dollar Bill runner rug, 22"" x 53', Multicolor","I",0.25025731325149536
918896,46148,"gm crate engines 350","B000182DIS","Edelbrock 1406 Performer 600 CFM Square Bore 4-Barrel Air Valve Secondary Electric Choke Carburetor","I",0.2911604940891266
185687,8265,"aloe vera water without latex","B006UZMXZY","Ardell, Tratamiento para pestañas (DUO Brush On Strip Lash Adhesive Clear), 5 g","I",0.2089478075504303
913374,45864,"glass green house","B01EZV35QU","Kasa Smart Light Switch HS200, Single Pole, Needs Neutral Wire, 2.4GHz Wi-Fi Light Switch Works with Alexa and Google Home, UL Certified, No Hub Required , White","I",0.18085695803165436
304185,14358,"beatles baby clothes","B07F37675K","Kids Beatles Sock Box Set","I",0.2412703037261963
705959,35124,"dr brandt do not age","B07PNCCLD2","CeraVe Vitamin C Serum with Hyaluronic Acid | Skin Brightening Serum for Face with 10% Pure Vitamin C | Fragrance Free | 1 Fl. Oz","I",0.1699061542749405
1243456,63049,"live not by lives","1250066115","How Not to Die: Discover the Foods Scientifically Proven to Prevent and Reverse Disease","I",0.2418675422668457
269080,12565,"bae watch red bathing suit","B06XWNFLQX","Amazon Essentials Men's Quick-Dry 9"" Swim Trunk, Red, Large","I",0.2533361613750458
653335,32431,"depends night defense medium for women","B0792H39SM","Depend FIT-FLEX Incontinence Underwear for Men, Maximum Absorbency, Disposable, Large, Grey, 52 Count (2 Packs of 26) (Packaging May Vary)","I",0.30955806374549866
3948,131,"'forget me not i' 2 piece framed print","B07VCK59HV","Geometric Mountain Canvas Wall Art for Office Bedroom,Rustic Wall Decor for Living Room Blue Sky Mountain Pictures on Canvas Prints,3 Piece Framed Rustic Home Decor Artwork","I",0.2389495074748993
38712,1386,"100 day girls","B076FNQWTF","The Girl Who Lived: A Thrilling Suspense Novel","I",0.2299267053604126
329237,15626,"big girl bath cloth","B06WD5TSX5","Simple Joys by Carter's Baby Boys' 6-Pack Short-Sleeve Bodysuit, White, Blue, Gray/Red, 0-3 Months","I",0.26326072216033936
1885571,96401,"sp 41","B00BB5YHEI","Remington F5-5800 Foil Shaver, Men's Electric Razor, Electric Shaver, Black","I",0.1927969753742218
73422,2822,"20"" stockings","B0735V67KT","Fruit of the Loom mens Cotton Work Gear Crew | Cushioned, Wicking, Durable 10 Pack Casual Sock, White, Shoe Size 6-12 US","I",0.2387033998966217
397293,19131,"boyfriend gifts","1594743061","How to Live with a Huge Penis: Advice, Meditations, and Wisdom for Men Who Have Too Much","I",0.23079311847686768
657468,32635,"desk rack green gold","B006MISZOC","ZINUS SmartBase Tool-Free Assembly Mattress Foundation / 14 Inch Metal Platform Bed Frame / No Box Spring Needed / Sturdy Steel Frame / Underbed Storage, Full,Black","I",0.2587481439113617
16000,570,"08 civic si fog lights without switch","B082NC67DP","Nilight - 90105C 3 Gang Aluminum Rocker Switch Panel 5 Pin ON/Off Pre-Wired Toggle Switch Panel With Rocker Switch Holder 12/24V for Marine Boat Car ATV UTV, 2 Years Warranty","I",0.22629137337207794
1965879,100612,"tank m2","B07B41WS48","AMD CPU Ryzen 5 2600 with Wraith Stealth cooler YD2600BBAFBOX","I",0.20366540551185608
15395,544,"06 saturn ion fuel pump assembly without pump without pump","B00C7VWQUM","Bosch 0261222018 Original Equipment Self-Diagnosis Module","I",0.29711899161338806
34582,1236,"10 intex pool without filter","B00I3N8DM8","Intex Type S1 Filter Cartridge for PureSpa, Twin Pack","I",0.2326880246400833
930422,46749,"google watch for women","B0777S47VQ","Star Trek: The Next Generation Bluetooth Communicator Badge","I",0.22138161957263947
1012288,51046,"homebrew water filter","B00BEUDWJQ","Rubbermaid Reveal Power Scrubber, Grout & Tile Bathroom Cleaner, Shower Cleaner, and Bathtub Cleaner, Multi-Purpose Scrub Brush","I",0.22046536207199097
29935,1058,"1/2 in air hose reel 100 ft retractable without hose","B01GJ7O6DE","ReelWorks CR625201S3A Heavy Duty Extension Cord Reel With Swivel Bracket, 12AWG/3C SJT, Triple Tap, 65 ft.","I",0.3306087553501129
2189241,112272,"wise outdoor camera","B07DGR98VQ","Cámara Wyze Pan 1080P – Cámara de Interior Inteligente Wi-Fi para la casa con visión Nocturna y Audio radios, Compatible con Alexa","I",0.29797011613845825
76664,2964,"234 torsion spring","B07H4BGY1W","Chamberlain Smart Garage Door Opener - Wall Mounted - myQ Smartphone Controlled - Ultra Quiet Space Saving Direct Drive, Model RJO20, Black","I",0.17901301383972168
1274743,64626,"macbook pro charger usb c apple","B07L32B9C2","Anker 4-Port USB 3.0 Hub, Ultra-Slim Data USB Hub with 2 ft Extended Cable [Charging Not Supported], for MacBook, Mac Pro, Mac mini, iMac, Surface Pro, XPS, PC, Flash Drive, Mobile HDD","I",0.28811830282211304
30394,1074,"1/2 pint double wall containers without lids","B00BXDZSSC","Bodum Pavina Glass, Double-Wall Insulate Glass, Clear, 12 Ounces Each (Set of 2)","I",0.26601317524909973
21899,765,"1 inch 3 ring binder without clear pocket","B003087JT4","Avery Binder Pockets, Clear, 8.5"" x 11"", Acid-Free, Durable, 5 Slash Jackets (75243)","I",0.3516994118690491
502458,24597,"chair cushions multi pack","B00MUZVKY8","American Baby Company Waterproof Fitted Crib and Toddler Protective Mattress Pad Cover, White, for Boys and Girls, 52x28x9 Inch (Pack of 1)","I",0.2554852366447449
16252,579,"08 wrangler jk without hitch","B001CF6WAO","Smittybilt JH45 Receiver Hitch , Black","I",0.2244311422109604
154637,6639,"adidas baby boy socks","B07SCYXQQV","adidas baby boys Goletto Vii Fg J Football Shoe, Core Black/Team Royal Blue/Team Royal Blue, 1 Little Kid US","I",0.26327839493751526
1149033,58204,"kindle fire","B07Y11LT52","Made For Amazon, 15W Type-C Wall Charger with USB-C Cable - Black","I",0.23488126695156097
293076,13785,"bathroom storage shelf","B01MQRRD6O","Amazon Basics - Perchero de montaje en pared, blanco","I",0.2482602447271347
1897633,97045,"sports water system","B07J3NMN9L","LifeStraw Flex Advanced Water Filter with Gravity Bag - Removes Lead, Bacteria, Parasites and Chemicals Blue, 1 gal","I",0.25171712040901184
270232,12627,"baja baby organic lavender lotion reviews","B006L1OA6M","Burt's Bees Baby Oil, Nourishing Skin Care, 100% Natural, 4 Ounce (Pack of 3)","I",0.3079477846622467
49622,1783,"11x14 frame without mat","B079LM82RD","Amazon Basics 11"" x 14"" Photo Picture Frame or 8"" x 10"" with Mat - Black, 2-Pack","I",0.2678874135017395
421857,20434,"building up without tearing down","B00J56MMPQ","Ocusoft Retaine MGD Ophthalmic Emulsion, Milky White Solution, 30 count Single Use Containers, 0.01 Fluid Ounce","I",0.19592294096946716
29220,1032,"1.9 dome lid without slot","B084JFRDZK","[100 Sets - 16 oz.] Clear Plastic Cups with Straw Slot Lid, PET Crystal Clear Disposable 16oz Plastic Cups with lids","I",0.21288873255252838
1908901,97638,"star wars bb8 costume adult","B01B8WW69Q","Rubie's Costume Star Wars Episode VII: The Force Awakens Deluxe BB-8 Inflatable Costume , Orange","I",0.3657516837120056
73432,2822,"20"" stockings","B00JM8MWTI","Saucony Men's Multi-Pack Bolt Performance Comfort Fit No-Show Socks, Grey (6 Pairs), Shoe Size: 8-12","I",0.23290184140205383
